time,time_to_kickoff,is_pre_match,time_phase,fans_arrived,fans_completed,fans_exited,fans_in_stadium,fans_in_system,fill_ratio,arrival_progress,exit_progress,arrival_rate,completion_rate,exit_rate,net_flow_rate,turnstile_queue,vendor_queue,queue_delta,turnstile_utilization,vendor_utilization,parking_utilization,avg_turnstile_wait,max_turnstile_wait,est_wait_new_arrival,avg_vendor_wait,avg_exit_wait,max_exit_wait,arrival_rate_lag1,arrival_rate_lag5,arrival_rate_ma5,turnstiles_in_use,vendors_in_use,parking_free,future_wait,congestion_risk
1,179,1,0,89,0,0,0,89,0.0,0.0013,0.0,89.0,0.0,0.0,89.0,0,0,0,0.0217,0.0,0.006,0.0,0.0,0.0,0.0,0.0,0.0,0.0,0.0,89.0,2,0,5964,0.0,0
2,178,1,0,181,1,0,1,181,0.0,0.0027,0.0,92.0,1.0,0.0,92.0,0,0,0,0.0217,0.0083,0.0118,0.0,0.0,0.0,0.0,0.0,0.0,89.0,0.0,90.5,2,1,5929,0.0,0
3,177,1,0,287,10,0,10,287,0.0001,0.0042,0.0,106.0,9.0,0.0,106.0,0,0,0,0.0326,0.0083,0.0197,0.0,0.0,0.0,0.0,0.0,0.0,92.0,0.0,95.67,3,1,5882,0.0,0
4,176,1,0,376,56,0,56,376,0.0008,0.0055,0.0,89.0,46.0,0.0,89.0,0,0,0,0.0435,0.025,0.0257,0.0,0.0,0.0,0.0,0.0,0.0,106.0,0.0,94.0,4,3,5846,0.0,0
5,175,1,0,458,116,0,116,458,0.0017,0.0067,0.0,82.0,60.0,0.0,82.0,0,0,0,0.0109,0.05,0.0313,0.0,0.0,0.0,0.0,0.0,0.0,89.0,0.0,91.6,1,6,5812,0.0,0
6,174,1,0,573,192,0,192,573,0.0028,0.0084,0.0,115.0,76.0,0.0,115.0,0,0,0,0.0435,0.0583,0.0387,0.0,0.0,0.0,0.0,0.0,0.0,82.0,89.0,96.8,4,7,5768,0.0,0
7,173,1,0,687,292,0,292,687,0.0043,0.0101,0.0,114.0,100.0,0.0,114.0,0,0,0,0.0435,0.0417,0.0468,0.0,0.0,0.0,0.0,0.0,0.0,115.0,92.0,101.2,4,5,5719,0.0,0
8,172,1,0,783,374,0,374,783,0.0055,0.0115,0.0,96.0,82.0,0.0,96.0,0,0,0,0.0435,0.0417,0.0528,0.0,0.0,0.0,0.0,0.0,0.0,114.0,106.0,99.2,4,5,5683,0.0,0
9,171,1,0,896,486,0,486,896,0.0071,0.0132,0.0,113.0,112.0,0.0,113.0,0,0,0,0.0435,0.05,0.0607,0.0,0.0,0.0,0.0,0.0,0.0,96.0,89.0,104.0,4,6,5636,0.0,0
10,170,1,0,999,583,0,583,999,0.0086,0.0147,0.0,103.0,97.0,0.0,103.0,0,0,0,0.0326,0.1083,0.0675,0.0,0.0,0.0,0.0,0.0,0.0,113.0,82.0,108.2,3,13,5595,0.0,0
11,169,1,0,1089,698,0,698,1089,0.0103,0.016,0.0,90.0,115.0,0.0,90.0,0,0,0,0.0217,0.1083,0.0743,0.0,0.0,0.0,0.0,0.0,0.0,103.0,115.0,103.2,2,13,5554,0.0,0
12,168,1,0,1194,789,0,789,1194,0.0116,0.0176,0.0,105.0,91.0,0.0,105.0,0,0,0,0.0109,0.1083,0.08,0.0,0.0,0.0,0.0,0.0,0.0,90.0,114.0,101.4,1,13,5520,0.0,0
13,167,1,0,1303,901,0,901,1303,0.0132,0.0192,0.0,109.0,112.0,0.0,109.0,0,0,0,0.0326,0.0917,0.087,0.0,0.0,0.0,0.0,0.0,0.0,105.0,96.0,104.0,3,11,5478,0.0,0
14,166,1,0,1410,1018,0,1018,1410,0.015,0.0207,0.0,107.0,117.0,0.0,107.0,0,0,0,0.0326,0.075,0.0942,0.0,0.0,0.0,0.0,0.0,0.0,109.0,113.0,102.8,3,9,5435,0.0,0
15,165,1,0,1507,1112,0,1112,1507,0.0164,0.0222,0.0,97.0,94.0,0.0,97.0,0,0,0,0.0326,0.0583,0.1018,0.0,0.0,0.0,0.0,0.0,0.0,107.0,103.0,101.6,3,7,5389,0.0,0
16,164,1,0,1608,1211,0,1211,1608,0.0178,0.0236,0.0,101.0,99.0,0.0,101.0,0,0,0,0.0326,0.0583,0.1095,0.0,0.0,0.0,0.0,0.0,0.0,97.0,90.0,103.8,3,7,5343,0.0,0
17,163,1,0,1718,1313,0,1313,1718,0.0193,0.0253,0.0,110.0,102.0,0.0,110.0,0,0,0,0.0217,0.0417,0.1165,0.0,0.0,0.0,0.0,0.0,0.0,101.0,105.0,104.8,2,5,5301,0.0,0
18,162,1,0,1805,1421,0,1421,1805,0.0209,0.0265,0.0,87.0,108.0,0.0,87.0,0,0,0,0.0435,0.0917,0.1222,0.0,0.0,0.0,0.0,0.0,0.0,110.0,109.0,100.4,4,11,5267,0.0,0
19,161,1,0,1889,1522,0,1522,1889,0.0224,0.0278,0.0,84.0,101.0,0.0,84.0,0,0,0,0.0326,0.0917,0.1283,0.0,0.0,0.0,0.0,0.0,0.0,87.0,107.0,95.8,3,11,5230,0.0,0
20,160,1,0,1995,1614,0,1614,1995,0.0237,0.0293,0.0,106.0,92.0,0.0,106.0,0,0,0,0.0326,0.0833,0.1355,0.0,0.0,0.0,0.0,0.0,0.0,84.0,97.0,97.6,3,10,5187,0.0,0
21,159,1,0,2112,1716,0,1716,2112,0.0252,0.0311,0.0,117.0,102.0,0.0,117.0,0,0,0,0.0543,0.05,0.1422,0.0,0.0,0.0,0.0,0.0,0.0,106.0,101.0,100.8,5,6,5147,0.0,0
22,158,1,0,2208,1821,0,1821,2208,0.0268,0.0325,0.0,96.0,105.0,0.0,96.0,0,0,0,0.0543,0.05,0.148,0.0,0.0,0.0,0.0,0.0,0.0,117.0,110.0,98.0,5,6,5112,0.0,0
23,157,1,0,2310,1910,0,1910,2310,0.0281,0.034,0.0,102.0,89.0,0.0,102.0,0,0,0,0.0435,0.0667,0.156,0.0,0.0,0.0,0.0,0.0,0.0,96.0,87.0,101.0,4,8,5064,0.0,0
24,156,1,0,2413,2013,0,2013,2413,0.0296,0.0355,0.0,103.0,103.0,0.0,103.0,0,0,0,0.0435,0.075,0.1618,0.0,0.0,0.0,0.0,0.0,0.0,102.0,84.0,104.8,4,9,5029,0.0,0
25,155,1,0,2524,2121,0,2121,2524,0.0312,0.0371,0.0,111.0,108.0,0.0,111.0,0,0,0,0.0435,0.0667,0.1687,0.0,0.0,0.0,0.0,0.0,0.0,103.0,106.0,105.8,4,8,4988,0.0,0
26,154,1,0,2620,2224,0,2224,2620,0.0327,0.0385,0.0,96.0,103.0,0.0,96.0,0,0,0,0.0435,0.0583,0.1755,0.0,0.0,0.0,0.0,0.0,0.0,111.0,117.0,101.6,4,7,4947,0.0,0
27,153,1,0,2742,2329,0,2329,2742,0.0343,0.0403,0.0,122.0,105.0,0.0,122.0,0,0,0,0.0109,0.1167,0.1852,0.0,0.0,0.0,0.0,0.0,0.0,96.0,96.0,106.8,1,14,4889,0.0,0
28,152,1,0,2837,2427,0,2427,2837,0.0357,0.0417,0.0,95.0,98.0,0.0,95.0,0,0,0,0.0217,0.0833,0.1925,0.0,0.0,0.0,0.0,0.0,0.0,122.0,102.0,105.4,2,10,4845,0.0,0
29,151,1,0,2951,2519,0,2519,2951,0.037,0.0434,0.0,114.0,92.0,0.0,114.0,0,0,0,0.0217,0.0917,0.2013,0.0,0.0,0.0,0.0,0.0,0.0,95.0,103.0,107.6,2,11,4792,0.0,0
30,150,1,0,3038,2616,0,2616,3038,0.0385,0.0447,0.0,87.0,97.0,0.0,87.0,0,0,0,0.0217,0.0417,0.208,0.0,0.0,0.0,0.0,0.0,0.0,114.0,111.0,102.8,2,5,4752,0.0,0
31,149,1,0,3124,2722,0,2722,3124,0.04,0.0459,0.0,86.0,106.0,0.0,86.0,0,0,0,0.0217,0.0583,0.214,0.0,0.0,0.0,0.0,0.0,0.0,87.0,96.0,100.8,2,7,4716,0.0,0
32,148,1,0,3220,2833,0,2833,3220,0.0417,0.0474,0.0,96.0,111.0,0.0,96.0,0,0,0,0.0326,0.0417,0.221,0.0,0.0,0.0,0.0,0.0,0.0,86.0,122.0,95.6,3,5,4674,0.0,0
33,147,1,0,3301,2942,0,2942,3301,0.0433,0.0485,0.0,81.0,109.0,0.0,81.0,0,0,0,0.0217,0.0667,0.2267,0.0,0.0,0.0,0.0,0.0,0.0,96.0,95.0,92.8,2,8,4640,0.0,0
34,146,1,0,3392,3033,0,3033,3392,0.0446,0.0499,0.0,91.0,91.0,0.0,91.0,0,0,0,0.0326,0.0583,0.233,0.0,0.0,0.0,0.0,0.0,0.0,81.0,114.0,88.2,3,7,4602,0.0,0
35,145,1,0,3487,3125,0,3125,3487,0.046,0.0513,0.0,95.0,92.0,0.0,95.0,0,0,0,0.0109,0.0417,0.2397,0.0,0.0,0.0,0.0,0.0,0.0,91.0,87.0,89.8,1,5,4562,0.0,0
36,144,1,0,3582,3223,0,3223,3582,0.0474,0.0527,0.0,95.0,98.0,0.0,95.0,0,0,0,0.0109,0.0417,0.2467,0.0,0.0,0.0,0.0,0.0,0.0,95.0,86.0,91.6,1,5,4520,0.0,0
37,143,1,0,3657,3299,0,3299,3657,0.0485,0.0538,0.0,75.0,76.0,0.0,75.0,0,0,0,0.0109,0.05,0.2503,0.0,0.0,0.0,0.0,0.0,0.0,95.0,96.0,87.4,1,6,4498,0.0,0
38,142,1,0,3743,3400,0,3400,3743,0.05,0.055,0.0,86.0,101.0,0.0,86.0,0,0,0,0.0109,0.05,0.256,0.0,0.0,0.0,0.0,0.0,0.0,75.0,81.0,88.4,1,6,4464,0.0,0
39,141,1,0,3851,3498,0,3498,3851,0.0514,0.0566,0.0,108.0,98.0,0.0,108.0,0,0,0,0.0435,0.0333,0.2623,0.0,0.0,0.0,0.0,0.0,0.0,86.0,91.0,91.8,4,4,4426,0.0,0
40,140,1,0,3949,3590,0,3590,3949,0.0528,0.0581,0.0,98.0,92.0,0.0,98.0,0,0,0,0.0543,0.0667,0.2682,0.0,0.0,0.0,0.0,0.0,0.0,108.0,95.0,92.4,5,8,4391,0.0,0
41,139,1,0,4046,3682,0,3682,4046,0.0541,0.0595,0.0,97.0,92.0,0.0,97.0,0,0,0,0.0,0.0667,0.2755,0.0,0.0,0.0,0.0,0.0,0.0,98.0,95.0,92.8,0,8,4347,0.0,0
42,138,1,0,4136,3774,0,3774,4136,0.0555,0.0608,0.0,90.0,92.0,0.0,90.0,0,0,0,0.0326,0.025,0.2805,0.0,0.0,0.0,0.0,0.0,0.0,97.0,75.0,95.8,3,3,4317,0.0,0
43,137,1,0,4235,3865,0,3865,4235,0.0568,0.0623,0.0,99.0,91.0,0.0,99.0,0,0,0,0.0,0.0333,0.2877,0.0,0.0,0.0,0.0,0.0,0.0,90.0,86.0,98.4,0,4,4274,0.0,0
44,136,1,0,4325,3965,0,3965,4325,0.0583,0.0636,0.0,90.0,100.0,0.0,90.0,0,0,0,0.0326,0.0667,0.293,0.0,0.0,0.0,0.0,0.0,0.0,99.0,108.0,94.8,3,8,4242,0.0,0
45,135,1,0,4430,4059,0,4059,4430,0.0597,0.0651,0.0,105.0,94.0,0.0,105.0,0,0,0,0.0326,0.0833,0.3003,0.0,0.0,0.0,0.0,0.0,0.0,90.0,98.0,96.2,3,10,4198,0.0,0
46,134,1,0,4535,4149,0,4149,4535,0.061,0.0667,0.0,105.0,90.0,0.0,105.0,0,0,0,0.0435,0.0667,0.3078,0.0,0.0,0.0,0.0,0.0,0.0,105.0,97.0,97.8,4,8,4153,0.0,0
47,133,1,0,4636,4243,0,4243,4636,0.0624,0.0682,0.0,101.0,94.0,0.0,101.0,0,0,0,0.0326,0.05,0.314,0.0,0.0,0.0,0.0,0.0,0.0,105.0,90.0,100.0,3,6,4116,0.0,0
48,132,1,0,4731,4336,0,4336,4731,0.0638,0.0696,0.0,95.0,93.0,0.0,95.0,0,0,0,0.0217,0.0667,0.3203,0.0,0.0,0.0,0.0,0.0,0.0,101.0,99.0,99.2,2,8,4078,0.0,0
49,131,1,0,4845,4436,0,4436,4845,0.0652,0.0712,0.0,114.0,100.0,0.0,114.0,0,0,0,0.0326,0.0917,0.3272,0.0,0.0,0.0,0.0,0.0,0.0,95.0,90.0,104.0,3,11,4037,0.0,0
50,130,1,0,4937,4552,0,4552,4937,0.0669,0.0726,0.0,92.0,116.0,0.0,92.0,0,0,0,0.0109,0.0833,0.332,0.0,0.0,0.0,0.0,0.0,0.0,114.0,105.0,101.4,1,10,4008,0.0,0
51,129,1,0,5008,4650,0,4650,5008,0.0684,0.0736,0.0,71.0,98.0,0.0,71.0,0,0,0,0.0,0.075,0.3358,0.0,0.0,0.0,0.0,0.0,0.0,92.0,105.0,94.6,0,9,3985,0.0,0
52,128,1,0,5107,4764,0,4764,5107,0.0701,0.0751,0.0,99.0,114.0,0.0,99.0,0,0,0,0.0109,0.0667,0.3413,0.0,0.0,0.0,0.0,0.0,0.0,71.0,101.0,94.2,1,8,3952,0.0,0
53,127,1,0,5203,4857,0,4857,5203,0.0714,0.0765,0.0,96.0,93.0,0.0,96.0,0,0,0,0.0326,0.0583,0.3482,0.0,0.0,0.0,0.0,0.0,0.0,99.0,95.0,94.4,3,7,3911,0.0,0
54,126,1,0,5306,4950,0,4950,5306,0.0728,0.078,0.0,103.0,93.0,0.0,103.0,0,0,0,0.0543,0.025,0.3553,0.0,0.0,0.0,0.0,0.0,0.0,96.0,114.0,92.2,5,3,3868,0.0,0
55,125,1,0,5405,5035,0,5035,5405,0.074,0.0795,0.0,99.0,85.0,0.0,99.0,0,0,0,0.0326,0.0417,0.362,0.0,0.0,0.0,0.0,0.0,0.0,103.0,92.0,93.6,3,5,3828,0.0,0
56,124,1,0,5506,5125,0,5125,5506,0.0754,0.081,0.0,101.0,90.0,0.0,101.0,0,0,0,0.0761,0.0417,0.369,0.0,0.0,0.0,0.0,0.0,0.0,99.0,71.0,99.6,7,5,3786,0.0,0
57,123,1,0,5607,5218,0,5218,5607,0.0767,0.0825,0.0,101.0,93.0,0.0,101.0,0,0,0,0.0326,0.05,0.3755,0.0,0.0,0.0,0.0,0.0,0.0,101.0,99.0,100.0,3,6,3747,0.0,0
58,122,1,0,5693,5316,0,5316,5693,0.0782,0.0837,0.0,86.0,98.0,0.0,86.0,0,0,0,0.0217,0.0667,0.3805,0.0,0.0,0.0,0.0,0.0,0.0,101.0,96.0,98.0,2,8,3717,0.0,0
59,121,1,0,5781,5434,0,5434,5781,0.0799,0.085,0.0,88.0,118.0,0.0,88.0,0,0,0,0.0326,0.05,0.387,0.0,0.0,0.0,0.0,0.0,0.0,86.0,103.0,95.0,3,6,3678,0.0,0
60,120,1,1,5885,5526,0,5526,5885,0.0813,0.0865,0.0,104.0,92.0,0.0,104.0,0,0,0,0.0326,0.0583,0.394,0.0,0.0,0.0,0.0,0.0,0.0,88.0,99.0,96.0,3,7,3636,0.0,0
61,119,1,1,6412,5611,0,5611,6412,0.0825,0.0943,0.0,527.0,85.0,0.0,527.0,0,0,0,0.1196,0.075,0.429,0.0,0.0,0.0,0.0,0.0,0.0,104.0,101.0,181.2,11,9,3426,0.0,0
62,118,1,1,6909,5708,0,5708,6909,0.0839,0.1016,0.0,497.0,97.0,0.0,497.0,0,0,0,0.163,0.1083,0.4592,0.0,0.0,0.0,0.0,0.0,0.0,527.0,101.0,260.4,15,13,3245,0.0,0
63,117,1,1,7428,5864,0,5864,7428,0.0862,0.1092,0.0,519.0,156.0,0.0,519.0,0,0,0,0.2065,0.175,0.4927,0.0,0.0,0.0,0.0,0.0,0.0,497.0,86.0,347.0,19,21,3044,0.0,0
64,116,1,1,7912,6123,0,6123,7912,0.09,0.1164,0.0,484.0,259.0,0.0,484.0,0,0,0,0.1304,0.2083,0.5247,0.0,0.0,0.0,0.0,0.0,0.0,519.0,88.0,426.2,12,25,2852,0.0,0
65,115,1,1,8420,6533,0,6533,8420,0.0961,0.1238,0.0,508.0,410.0,0.0,508.0,0,0,0,0.1413,0.3083,0.5597,0.0,0.0,0.0,0.0,0.0,0.0,484.0,104.0,507.0,13,37,2642,0.0,0
66,114,1,1,8921,6984,0,6984,8921,0.1027,0.1312,0.0,501.0,451.0,0.0,501.0,0,0,0,0.163,0.3583,0.5935,0.0,0.0,0.0,0.0,0.0,0.0,508.0,527.0,501.8,15,43,2439,0.0,0
67,113,1,1,9402,7459,0,7459,9402,0.1097,0.1383,0.0,481.0,475.0,0.0,481.0,0,0,0,0.1848,0.3917,0.6263,0.0,0.0,0.0,0.0,0.0,0.0,501.0,497.0,498.6,17,47,2242,0.0,0
68,112,1,1,9908,7946,0,7946,9908,0.1169,0.1457,0.0,506.0,487.0,0.0,506.0,0,0,0,0.087,0.3917,0.6593,0.0,0.0,0.0,0.0,0.0,0.0,481.0,519.0,496.0,8,47,2044,0.0,0
69,111,1,1,10429,8460,0,8460,10429,0.1244,0.1534,0.0,521.0,514.0,0.0,521.0,0,0,0,0.163,0.2917,0.696,0.0,0.0,0.0,0.0,0.0,0.0,506.0,484.0,503.4,15,35,1824,0.0,0
70,110,1,1,10953,8944,0,8944,10953,0.1315,0.1611,0.0,524.0,484.0,0.0,524.0,0,0,0,0.1739,0.2917,0.7298,0.0,0.0,0.0,0.0,0.0,0.0,521.0,508.0,506.6,16,35,1621,0.0,0
71,109,1,1,11463,9470,0,9470,11463,0.1393,0.1686,0.0,510.0,526.0,0.0,510.0,0,0,0,0.163,0.325,0.7638,0.0,0.0,0.0,0.0,0.0,0.0,524.0,501.0,508.4,15,39,1417,0.0,0
72,108,1,1,11950,9961,0,9961,11950,0.1465,0.1757,0.0,487.0,491.0,0.0,487.0,0,0,0,0.1957,0.3,0.7962,0.0,0.0,0.0,0.0,0.0,0.0,510.0,481.0,509.6,18,36,1223,0.0,0
73,107,1,1,12457,10486,0,10486,12457,0.1542,0.1832,0.0,507.0,525.0,0.0,507.0,0,0,0,0.1522,0.35,0.8268,0.0,0.0,0.0,0.0,0.0,0.0,487.0,506.0,509.8,14,42,1039,0.0,0
74,106,1,1,12922,11029,0,11029,12922,0.1622,0.19,0.0,465.0,543.0,0.0,465.0,0,0,0,0.1304,0.275,0.8583,0.0,0.0,0.0,0.0,0.0,0.0,507.0,521.0,498.6,12,33,850,0.0,0
75,105,1,1,13431,11506,0,11506,13431,0.1692,0.1975,0.0,509.0,477.0,0.0,509.0,0,0,0,0.1413,0.25,0.89,0.0,0.0,0.0,0.0,0.0,0.0,465.0,524.0,495.6,13,30,660,0.0,0
76,104,1,1,13949,12039,0,12039,13949,0.177,0.2051,0.0,518.0,533.0,0.0,518.0,0,0,0,0.163,0.2167,0.9255,0.0,0.0,0.0,0.0,0.0,0.0,509.0,510.0,497.2,15,26,447,0.0,0
77,103,1,1,14435,12538,0,12538,14435,0.1844,0.2123,0.0,486.0,499.0,0.0,486.0,0,0,0,0.1848,0.2333,0.954,0.0,0.0,0.0,0.0,0.0,0.0,518.0,487.0,497.0,17,28,276,0.0,0
78,102,1,1,14923,13005,0,13005,14923,0.1913,0.2195,0.0,488.0,467.0,0.0,488.0,0,0,0,0.1739,0.2417,0.9845,0.0,0.0,0.0,0.0,0.0,0.0,486.0,507.0,493.2,16,29,93,0.0,0
79,101,1,1,15454,13509,0,13509,15454,0.1987,0.2273,0.0,531.0,504.0,0.0,531.0,0,0,0,0.2717,0.3167,1.0,0.0,0.0,0.0,0.0,0.0,0.0,488.0,465.0,506.4,25,38,0,0.0,0
80,100,1,1,15994,14020,0,14020,15994,0.2062,0.2352,0.0,540.0,511.0,0.0,540.0,0,0,0,0.2283,0.3667,1.0,0.0,0.0,0.0,0.0,0.0,0.0,531.0,509.0,512.6,21,44,0,0.0,0
81,99,1,1,16461,14518,0,14518,16461,0.2135,0.2421,0.0,467.0,498.0,0.0,467.0,0,0,0,0.1196,0.425,1.0,0.0,0.0,0.0,0.0,0.0,0.0,540.0,518.0,502.4,11,51,0,0.0,0
82,98,1,1,16943,15149,0,15149,16943,0.2228,0.2492,0.0,482.0,631.0,0.0,482.0,0,0,0,0.1739,0.3917,1.0,0.0,0.0,0.0,0.0,0.0,0.0,467.0,486.0,501.6,16,47,0,0.0,0
83,97,1,1,17430,15793,0,15793,17430,0.2323,0.2563,0.0,487.0,644.0,0.0,487.0,0,0,0,0.1304,0.3667,1.0,0.0,0.0,0.0,0.0,0.0,0.0,482.0,488.0,501.4,12,44,0,0.0,0
84,96,1,1,17956,16394,0,16394,17956,0.2411,0.2641,0.0,526.0,601.0,0.0,526.0,0,0,0,0.1196,0.375,1.0,0.0,0.0,0.0,0.0,0.0,0.0,487.0,531.0,500.4,11,45,0,0.0,0
85,95,1,1,18484,16907,0,16907,18484,0.2486,0.2718,0.0,528.0,513.0,0.0,528.0,0,0,0,0.2391,0.35,1.0,0.0,0.0,0.0,0.0,0.0,0.0,526.0,540.0,498.0,22,42,0,0.0,0
86,94,1,1,18992,17394,0,17394,18992,0.2558,0.2793,0.0,508.0,487.0,0.0,508.0,0,0,0,0.1957,0.2917,1.0,0.0,0.0,0.0,0.0,0.0,0.0,528.0,467.0,506.2,18,35,0,0.0,0
87,93,1,1,19469,17908,0,17908,19469,0.2634,0.2863,0.0,477.0,514.0,0.0,477.0,0,0,0,0.0978,0.275,1.0,0.0,0.0,0.0,0.0,0.0,0.0,508.0,482.0,505.2,9,33,0,0.0,0
88,92,1,1,19942,18421,0,18421,19942,0.2709,0.2933,0.0,473.0,513.0,0.0,473.0,0,0,0,0.1413,0.2083,1.0,0.0,0.0,0.0,0.0,0.0,0.0,477.0,487.0,502.4,13,25,0,0.0,0
89,91,1,1,20469,18950,0,18950,20469,0.2787,0.301,0.0,527.0,529.0,0.0,527.0,0,0,0,0.1739,0.25,1.0,0.0,0.0,0.0,0.0,0.0,0.0,473.0,526.0,502.6,16,30,0,0.0,0
90,90,1,1,20948,19424,0,19424,20948,0.2856,0.3081,0.0,479.0,474.0,0.0,479.0,0,0,0,0.1196,0.3167,1.0,0.0,0.0,0.0,0.0,0.0,0.0,527.0,528.0,492.8,11,38,0,0.0,0
91,89,1,1,21975,19892,0,19892,21975,0.2925,0.3232,0.0,1027.0,468.0,0.0,1027.0,0,0,0,0.2717,0.3083,1.0,0.0,0.0,0.0,0.0,0.0,0.0,479.0,508.0,596.6,25,37,0,0.0,0
92,88,1,1,23012,20396,0,20396,23012,0.2999,0.3384,0.0,1037.0,504.0,0.0,1037.0,0,0,0,0.2283,0.2917,1.0,0.0,0.0,0.0,0.0,0.0,0.0,1027.0,477.0,708.6,21,35,0,0.0,0
93,87,1,1,23982,21029,0,21029,23982,0.3093,0.3527,0.0,970.0,633.0,0.0,970.0,0,0,0,0.3261,0.3833,1.0,0.0,0.0,0.0,0.0,0.0,0.0,1037.0,473.0,808.0,30,46,0,0.0,0
94,86,1,1,24980,21933,0,21933,24980,0.3225,0.3674,0.0,998.0,904.0,0.0,998.0,0,0,0,0.3696,0.4917,1.0,0.0,0.0,0.0,0.0,0.0,0.0,970.0,527.0,902.2,34,59,0,0.0,0
95,85,1,1,25972,22893,0,22893,25972,0.3367,0.3819,0.0,992.0,960.0,0.0,992.0,0,0,0,0.3478,0.6,1.0,0.0,0.0,0.0,0.0,0.0,0.0,998.0,479.0,1004.8,32,72,0,0.0,0
96,84,1,1,27003,23940,0,23940,27003,0.3521,0.3971,0.0,1031.0,1047.0,0.0,1031.0,0,0,0,0.4239,0.675,1.0,0.0,0.0,0.0,0.0,0.0,0.0,992.0,1027.0,1005.6,39,81,0,0.0,0
97,83,1,1,27991,24881,0,24881,27991,0.3659,0.4116,0.0,988.0,941.0,0.0,988.0,0,0,0,0.3261,0.6167,1.0,0.0,0.0,0.0,0.0,0.0,0.0,1031.0,1037.0,995.8,30,74,0,0.0,0
98,82,1,1,28982,25867,0,25867,28982,0.3804,0.4262,0.0,991.0,986.0,0.0,991.0,0,0,0,0.2609,0.6583,1.0,0.0,0.0,0.0,0.0,0.0,0.0,988.0,970.0,1000.0,24,79,0,0.0,0
99,81,1,1,30039,26904,0,26904,30039,0.3956,0.4417,0.0,1057.0,1037.0,0.0,1057.0,0,0,0,0.3913,0.65,1.0,0.0,0.0,0.0,0.0,0.0,0.0,991.0,998.0,1011.8,36,78,0,0.0,0
100,80,1,1,31055,27888,0,27888,31055,0.4101,0.4567,0.0,1016.0,984.0,0.0,1016.0,0,0,0,0.337,0.725,1.0,0.0,0.0,0.0,0.0,0.0,0.0,1057.0,992.0,1016.6,31,87,0,0.0,0
101,79,1,1,32056,28868,0,28868,32056,0.4245,0.4714,0.0,1001.0,980.0,0.0,1001.0,0,0,0,0.3043,0.6083,1.0,0.0,0.0,0.0,0.0,0.0,0.0,1016.0,1031.0,1010.6,28,73,0,0.0,0
102,78,1,1,33103,29916,0,29916,33103,0.4399,0.4868,0.0,1047.0,1048.0,0.0,1047.0,0,0,0,0.3043,0.7583,1.0,0.0,0.0,0.0,0.0,0.0,0.0,1001.0,988.0,1022.4,28,91,0,0.0,0
103,77,1,1,34102,30910,0,30910,34102,0.4546,0.5015,0.0,999.0,994.0,0.0,999.0,0,0,0,0.2826,0.7417,1.0,0.0,0.0,0.0,0.0,0.0,0.0,1047.0,991.0,1024.0,26,89,0,0.0,0
104,76,1,1,35050,31893,0,31893,35050,0.469,0.5154,0.0,948.0,983.0,0.0,948.0,0,0,0,0.3043,0.725,1.0,0.0,0.0,0.0,0.0,0.0,0.0,999.0,1057.0,1002.2,28,87,0,0.0,0
105,75,1,1,36074,32963,0,32963,36074,0.4848,0.5305,0.0,1024.0,1070.0,0.0,1024.0,0,0,0,0.4022,0.7,1.0,0.0,0.0,0.0,0.0,0.0,0.0,948.0,1016.0,1003.8,37,84,0,0.0,0
106,74,1,1,37091,33983,0,33983,37091,0.4998,0.5455,0.0,1017.0,1020.0,0.0,1017.0,0,0,0,0.4022,0.6583,1.0,0.0,0.0,0.0,0.0,0.0,0.0,1024.0,1001.0,1007.0,37,79,0,0.0,0
107,73,1,1,38081,34910,0,34910,38081,0.5134,0.56,0.0,990.0,927.0,0.0,990.0,0,0,0,0.2717,0.675,1.0,0.0,0.0,0.0,0.0,0.0,0.0,1017.0,1047.0,995.6,25,81,0,0.0,0
108,72,1,1,39120,35975,0,35975,39120,0.529,0.5753,0.0,1039.0,1065.0,0.0,1039.0,0,0,0,0.2826,0.5667,1.0,0.0,0.0,0.0,0.0,0.0,0.0,990.0,999.0,1003.6,26,68,0,0.0,0
109,71,1,1,40142,36988,0,36988,40142,0.5439,0.5903,0.0,1022.0,1013.0,0.0,1022.0,0,0,0,0.3152,0.475,1.0,0.0,0.0,0.0,0.0,0.0,0.0,1039.0,948.0,1018.4,29,57,0,0.0,0
110,70,1,1,41177,38006,0,38006,41177,0.5589,0.6055,0.0,1035.0,1018.0,0.0,1035.0,0,0,0,0.2826,0.5083,1.0,0.0,0.0,0.0,0.0,0.0,0.0,1022.0,1024.0,1020.6,26,61,0,0.0,0
111,69,1,1,42195,39021,0,39021,42195,0.5738,0.6205,0.0,1018.0,1015.0,0.0,1018.0,0,0,0,0.3261,0.6167,1.0,0.0,0.0,0.0,0.0,0.0,0.0,1035.0,1017.0,1020.8,30,74,0,0.0,0
112,68,1,1,43252,40025,0,40025,43252,0.5886,0.6361,0.0,1057.0,1004.0,0.0,1057.0,0,0,0,0.3696,0.6417,1.0,0.0,0.0,0.0,0.0,0.0,0.0,1018.0,990.0,1034.2,34,77,0,0.0,0
113,67,1,1,44230,41063,0,41063,44230,0.6039,0.6504,0.0,978.0,1038.0,0.0,978.0,0,0,0,0.4674,0.6083,1.0,0.0,0.0,0.0,0.0,0.0,0.0,1057.0,1039.0,1022.0,43,73,0,0.0,0
114,66,1,1,45246,42092,0,42092,45246,0.619,0.6654,0.0,1016.0,1029.0,0.0,1016.0,0,0,0,0.1957,0.625,1.0,0.0,0.0,0.0,0.0,0.0,0.0,978.0,1022.0,1020.8,18,75,0,0.0,0
115,65,1,1,46233,43130,0,43130,46233,0.6343,0.6799,0.0,987.0,1038.0,0.0,987.0,0,0,0,0.2174,0.7083,1.0,0.0,0.0,0.0,0.0,0.0,0.0,1016.0,1035.0,1011.2,20,85,0,0.0,0
116,64,1,1,47234,44094,0,44094,47234,0.6484,0.6946,0.0,1001.0,964.0,0.0,1001.0,0,0,0,0.3478,0.7,1.0,0.0,0.0,0.0,0.0,0.0,0.0,987.0,1018.0,1007.8,32,84,0,0.0,0
117,63,1,1,48264,45137,0,45137,48264,0.6638,0.7098,0.0,1030.0,1043.0,0.0,1030.0,0,0,0,0.2935,0.6333,1.0,0.0,0.0,0.0,0.0,0.0,0.0,1001.0,1057.0,1002.4,27,76,0,0.0,0
118,62,1,1,49228,46149,0,46149,49228,0.6787,0.7239,0.0,964.0,1012.0,0.0,964.0,0,0,0,0.3696,0.7167,1.0,0.0,0.0,0.0,0.0,0.0,0.0,1030.0,978.0,999.6,34,86,0,0.0,0
119,61,1,1,50185,47144,0,47144,50185,0.6933,0.738,0.0,957.0,995.0,0.0,957.0,0,0,0,0.337,0.7083,1.0,0.0,0.0,0.0,0.0,0.0,0.0,964.0,1016.0,987.8,31,85,0,0.0,0
120,60,1,2,51162,48148,0,48148,51162,0.7081,0.7524,0.0,977.0,1004.0,0.0,977.0,0,0,0,0.3587,0.65,1.0,0.0,0.0,0.0,0.0,0.0,0.0,957.0,987.0,985.8,33,78,0,0.0,0
121,59,1,2,51647,49125,0,49125,51647,0.7224,0.7595,0.0,485.0,977.0,0.0,485.0,0,0,0,0.163,0.5833,1.0,0.0,0.0,0.0,0.0,0.0,0.0,977.0,1001.0,882.6,15,70,0,0.0,0
122,58,1,2,52175,50111,0,50111,52175,0.7369,0.7673,0.0,528.0,986.0,0.0,528.0,0,0,0,0.1304,0.4833,1.0,0.0,0.0,0.0,0.0,0.0,0.0,485.0,1030.0,782.2,12,58,0,0.0,0
123,57,1,2,52639,50979,0,50979,52639,0.7497,0.7741,0.0,464.0,868.0,0.0,464.0,0,0,0,0.1413,0.4417,1.0,0.0,0.0,0.0,0.0,0.0,0.0,528.0,964.0,682.2,13,53,0,0.0,0
124,56,1,2,53117,51580,0,51580,53117,0.7585,0.7811,0.0,478.0,601.0,0.0,478.0,0,0,0,0.1087,0.4583,1.0,0.0,0.0,0.0,0.0,0.0,0.0,464.0,957.0,586.4,10,55,0,0.0,0
125,55,1,2,53626,52077,0,52077,53626,0.7658,0.7886,0.0,509.0,497.0,0.0,509.0,0,0,0,0.1196,0.2917,1.0,0.0,0.0,0.0,0.0,0.0,0.0,478.0,977.0,492.8,11,35,0,0.0,0
126,54,1,2,54125,52575,0,52575,54125,0.7732,0.796,0.0,499.0,498.0,0.0,499.0,0,0,0,0.163,0.2417,1.0,0.0,0.0,0.0,0.0,0.0,0.0,509.0,485.0,495.6,15,29,0,0.0,0
127,53,1,2,54665,53077,0,53077,54665,0.7805,0.8039,0.0,540.0,502.0,0.0,540.0,0,0,0,0.1522,0.2833,1.0,0.0,0.0,0.0,0.0,0.0,0.0,499.0,528.0,498.0,14,34,0,0.0,0
128,52,1,2,55146,53552,0,53552,55146,0.7875,0.811,0.0,481.0,475.0,0.0,481.0,0,0,0,0.1304,0.2667,1.0,0.0,0.0,0.0,0.0,0.0,0.0,540.0,464.0,501.4,12,32,0,0.0,0
129,51,1,2,55665,54080,0,54080,55665,0.7953,0.8186,0.0,519.0,528.0,0.0,519.0,0,0,0,0.1848,0.2583,1.0,0.0,0.0,0.0,0.0,0.0,0.0,481.0,478.0,509.6,17,31,0,0.0,0
130,50,1,2,56129,54607,0,54607,56129,0.803,0.8254,0.0,464.0,527.0,0.0,464.0,0,0,0,0.1739,0.3667,1.0,0.0,0.0,0.0,0.0,0.0,0.0,519.0,509.0,500.6,16,44,0,0.0,0
131,49,1,2,56669,55092,0,55092,56669,0.8102,0.8334,0.0,540.0,485.0,0.0,540.0,0,0,0,0.1739,0.3167,1.0,0.0,0.0,0.0,0.0,0.0,0.0,464.0,499.0,508.8,16,38,0,0.0,0
132,48,1,2,57186,55569,0,55569,57186,0.8172,0.841,0.0,517.0,477.0,0.0,517.0,0,0,0,0.1413,0.325,1.0,0.0,0.0,0.0,0.0,0.0,0.0,540.0,540.0,504.2,13,39,0,0.0,0
133,47,1,2,57654,56087,0,56087,57654,0.8248,0.8479,0.0,468.0,518.0,0.0,468.0,0,0,0,0.1739,0.45,1.0,0.0,0.0,0.0,0.0,0.0,0.0,517.0,481.0,501.6,16,54,0,0.0,0
134,46,1,2,58138,56601,0,56601,58138,0.8324,0.855,0.0,484.0,514.0,0.0,484.0,0,0,0,0.1196,0.4,1.0,0.0,0.0,0.0,0.0,0.0,0.0,468.0,519.0,494.6,11,48,0,0.0,0
135,45,1,2,58631,57121,0,57121,58631,0.84,0.8622,0.0,493.0,520.0,0.0,493.0,0,0,0,0.1196,0.3667,1.0,0.0,0.0,0.0,0.0,0.0,0.0,484.0,464.0,500.4,11,44,0,0.0,0
136,44,1,2,59139,57577,0,57577,59139,0.8467,0.8697,0.0,508.0,456.0,0.0,508.0,0,0,0,0.1304,0.3083,1.0,0.0,0.0,0.0,0.0,0.0,0.0,493.0,540.0,494.0,12,37,0,0.0,0
137,43,1,2,59651,58102,0,58102,59651,0.8544,0.8772,0.0,512.0,525.0,0.0,512.0,0,0,0,0.163,0.3,1.0,0.0,0.0,0.0,0.0,0.0,0.0,508.0,517.0,493.0,15,36,0,0.0,0
138,42,1,2,60127,58610,0,58610,60127,0.8619,0.8842,0.0,476.0,508.0,0.0,476.0,0,0,0,0.1304,0.2583,1.0,0.0,0.0,0.0,0.0,0.0,0.0,512.0,468.0,494.6,12,31,0,0.0,0
139,41,1,2,60599,59106,0,59106,60599,0.8692,0.8912,0.0,472.0,496.0,0.0,472.0,0,0,0,0.1522,0.3083,1.0,0.0,0.0,0.0,0.0,0.0,0.0,476.0,484.0,492.2,14,37,0,0.0,0
140,40,1,2,61106,59590,0,59590,61106,0.8763,0.8986,0.0,507.0,484.0,0.0,507.0,0,0,0,0.1848,0.275,1.0,0.0,0.0,0.0,0.0,0.0,0.0,472.0,493.0,495.0,17,33,0,0.0,0
141,39,1,2,61611,60076,0,60076,61611,0.8835,0.906,0.0,505.0,486.0,0.0,505.0,0,0,0,0.1304,0.25,1.0,0.0,0.0,0.0,0.0,0.0,0.0,507.0,508.0,494.4,12,30,0,0.0,0
142,38,1,2,62106,60586,0,60586,62106,0.891,0.9133,0.0,495.0,510.0,0.0,495.0,0,0,0,0.1522,0.3333,1.0,0.0,0.0,0.0,0.0,0.0,0.0,505.0,512.0,491.0,14,40,0,0.0,0
143,37,1,2,62622,61047,0,61047,62622,0.8978,0.9209,0.0,516.0,461.0,0.0,516.0,0,0,0,0.1196,0.2583,1.0,0.0,0.0,0.0,0.0,0.0,0.0,495.0,476.0,499.0,11,31,0,0.0,0
144,36,1,2,63131,61563,0,61563,63131,0.9053,0.9284,0.0,509.0,516.0,0.0,509.0,0,0,0,0.1739,0.3167,1.0,0.0,0.0,0.0,0.0,0.0,0.0,516.0,472.0,506.4,16,38,0,0.0,0
145,35,1,2,63654,62058,0,62058,63654,0.9126,0.9361,0.0,523.0,495.0,0.0,523.0,0,0,0,0.1739,0.35,1.0,0.0,0.0,0.0,0.0,0.0,0.0,509.0,507.0,509.6,16,42,0,0.0,0
146,34,1,2,64136,62574,0,62574,64136,0.9202,0.9432,0.0,482.0,516.0,0.0,482.0,0,0,0,0.1413,0.4,1.0,0.0,0.0,0.0,0.0,0.0,0.0,523.0,505.0,505.0,13,48,0,0.0,0
147,33,1,2,64610,63071,0,63071,64610,0.9275,0.9501,0.0,474.0,497.0,0.0,474.0,0,0,0,0.2174,0.4083,1.0,0.0,0.0,0.0,0.0,0.0,0.0,482.0,495.0,500.8,20,49,0,0.0,0
148,32,1,2,65117,63593,0,63593,65117,0.9352,0.9576,0.0,507.0,522.0,0.0,507.0,0,0,0,0.2065,0.3667,1.0,0.0,0.0,0.0,0.0,0.0,0.0,474.0,516.0,499.0,19,44,0,0.0,0
149,31,1,2,65630,64086,0,64086,65630,0.9424,0.9651,0.0,513.0,493.0,0.0,513.0,0,0,0,0.1848,0.3333,1.0,0.0,0.0,0.0,0.0,0.0,0.0,507.0,509.0,499.8,17,40,0,0.0,0
150,30,1,2,66143,64564,0,64564,66143,0.9495,0.9727,0.0,513.0,478.0,0.0,513.0,0,0,0,0.1413,0.275,1.0,0.0,0.0,0.0,0.0,0.0,0.0,513.0,523.0,497.8,13,33,0,0.0,0
151,29,1,2,66208,65035,0,65035,66208,0.9564,0.9736,0.0,65.0,471.0,0.0,65.0,0,0,0,0.0217,0.3333,1.0,0.0,0.0,0.0,0.0,0.0,0.0,513.0,482.0,414.4,2,40,0,0.0,0
152,28,1,2,66260,65564,0,65564,66260,0.9642,0.9744,0.0,52.0,529.0,0.0,52.0,0,0,0,0.0109,0.325,1.0,0.0,0.0,0.0,0.0,0.0,0.0,65.0,474.0,330.0,1,39,0,0.0,0
153,27,1,2,66315,65968,0,65968,66315,0.9701,0.9752,0.0,55.0,404.0,0.0,55.0,0,0,0,0.0217,0.2833,1.0,0.0,0.0,0.0,0.0,0.0,0.0,52.0,507.0,239.6,2,34,0,0.0,0
154,26,1,2,66377,66152,0,66152,66377,0.9728,0.9761,0.0,62.0,184.0,0.0,62.0,0,0,0,0.0109,0.1583,1.0,0.0,0.0,0.0,0.0,0.0,0.0,55.0,513.0,149.4,1,19,0,0.0,0
155,25,1,2,66437,66242,0,66242,66437,0.9741,0.977,0.0,60.0,90.0,0.0,60.0,0,0,0,0.0217,0.0583,1.0,0.0,0.0,0.0,0.0,0.0,0.0,62.0,513.0,58.8,2,7,0,0.0,0
156,24,1,2,66503,66311,0,66311,66503,0.9752,0.978,0.0,66.0,69.0,0.0,66.0,0,0,0,0.0326,0.025,1.0,0.0,0.0,0.0,0.0,0.0,0.0,60.0,65.0,59.0,3,3,0,0.0,0
157,23,1,2,66577,66371,0,66371,66577,0.976,0.9791,0.0,74.0,60.0,0.0,74.0,0,0,0,0.0326,0.0417,1.0,0.0,0.0,0.0,0.0,0.0,0.0,66.0,52.0,63.4,3,5,0,0.0,0
158,22,1,2,66641,66433,0,66433,66641,0.977,0.98,0.0,64.0,62.0,0.0,64.0,0,0,0,0.0217,0.0333,1.0,0.0,0.0,0.0,0.0,0.0,0.0,74.0,55.0,65.2,2,4,0,0.0,0
159,21,1,2,66715,66498,0,66498,66715,0.9779,0.9811,0.0,74.0,65.0,0.0,74.0,0,0,0,0.0435,0.0417,1.0,0.0,0.0,0.0,0.0,0.0,0.0,64.0,62.0,67.6,4,5,0,0.0,0
160,20,1,2,66786,66562,0,66562,66786,0.9789,0.9821,0.0,71.0,64.0,0.0,71.0,0,0,0,0.0217,0.0417,1.0,0.0,0.0,0.0,0.0,0.0,0.0,74.0,60.0,69.8,2,5,0,0.0,0
161,19,1,2,66828,66632,0,66632,66828,0.9799,0.9828,0.0,42.0,70.0,0.0,42.0,0,0,0,0.0,0.0167,1.0,0.0,0.0,0.0,0.0,0.0,0.0,71.0,66.0,65.0,0,2,0,0.0,0
162,18,1,2,66903,66712,0,66712,66903,0.9811,0.9839,0.0,75.0,80.0,0.0,75.0,0,0,0,0.0109,0.05,1.0,0.0,0.0,0.0,0.0,0.0,0.0,42.0,74.0,65.2,1,6,0,0.0,0
163,17,1,2,66969,66767,0,66767,66969,0.9819,0.9848,0.0,66.0,55.0,0.0,66.0,0,0,0,0.0326,0.0667,1.0,0.0,0.0,0.0,0.0,0.0,0.0,75.0,64.0,65.6,3,8,0,0.0,0
164,16,1,2,67032,66819,0,66819,67032,0.9826,0.9858,0.0,63.0,52.0,0.0,63.0,0,0,0,0.0326,0.0583,1.0,0.0,0.0,0.0,0.0,0.0,0.0,66.0,74.0,63.4,3,7,0,0.0,0
165,15,1,2,67103,66894,0,66894,67103,0.9837,0.9868,0.0,71.0,75.0,0.0,71.0,0,0,0,0.0109,0.0333,1.0,0.0,0.0,0.0,0.0,0.0,0.0,63.0,71.0,63.4,1,4,0,0.0,0
166,14,1,2,67176,66954,0,66954,67176,0.9846,0.9879,0.0,73.0,60.0,0.0,73.0,0,0,0,0.0326,0.0333,1.0,0.0,0.0,0.0,0.0,0.0,0.0,71.0,42.0,69.6,3,4,0,0.0,0
167,13,1,2,67263,67029,0,67029,67263,0.9857,0.9892,0.0,87.0,75.0,0.0,87.0,0,0,0,0.0217,0.0333,1.0,0.0,0.0,0.0,0.0,0.0,0.0,73.0,75.0,72.0,2,4,0,0.0,0
168,12,1,2,67339,67086,0,67086,67339,0.9866,0.9903,0.0,76.0,57.0,0.0,76.0,0,0,0,0.0109,0.025,1.0,0.0,0.0,0.0,0.0,0.0,0.0,87.0,66.0,74.0,1,3,0,0.0,0
169,11,1,2,67399,67170,0,67170,67399,0.9878,0.9912,0.0,60.0,84.0,0.0,60.0,0,0,0,0.0,0.0333,1.0,0.0,0.0,0.0,0.0,0.0,0.0,76.0,63.0,73.4,0,4,0,0.0,0
170,10,1,2,67457,67239,0,67239,67457,0.9888,0.992,0.0,58.0,69.0,0.0,58.0,0,0,0,0.0217,0.0333,1.0,0.0,0.0,0.0,0.0,0.0,0.0,60.0,71.0,70.8,2,4,0,0.0,0
171,9,1,2,67526,67330,0,67330,67526,0.9901,0.993,0.0,69.0,91.0,0.0,69.0,0,0,0,0.0217,0.05,1.0,0.0,0.0,0.0,0.0,0.0,0.0,58.0,73.0,70.0,2,6,0,0.0,0
172,8,1,2,67588,67389,0,67389,67588,0.991,0.9939,0.0,62.0,59.0,0.0,62.0,0,0,0,0.0,0.025,1.0,0.0,0.0,0.0,0.0,0.0,0.0,69.0,87.0,65.0,0,3,0,0.0,0
173,7,1,2,67657,67446,0,67446,67657,0.9919,0.995,0.0,69.0,57.0,0.0,69.0,0,0,0,0.0217,0.0333,1.0,0.0,0.0,0.0,0.0,0.0,0.0,62.0,76.0,63.6,2,4,0,0.0,0
174,6,1,2,67739,67513,0,67513,67739,0.9928,0.9962,0.0,82.0,67.0,0.0,82.0,0,0,0,0.0217,0.0333,1.0,0.0,0.0,0.0,0.0,0.0,0.0,69.0,60.0,68.0,2,4,0,0.0,0
175,5,1,2,67799,67579,0,67579,67799,0.9938,0.997,0.0,60.0,66.0,0.0,60.0,0,0,0,0.0217,0.05,1.0,0.0,0.0,0.0,0.0,0.0,0.0,82.0,58.0,68.4,2,6,0,0.0,0
176,4,1,2,67867,67650,0,67650,67867,0.9949,0.998,0.0,68.0,71.0,0.0,68.0,0,0,0,0.0217,0.0333,1.0,0.0,0.0,0.0,0.0,0.0,0.0,60.0,69.0,68.2,2,4,0,0.0,0
177,3,1,2,67947,67724,0,67724,67947,0.9959,0.9992,0.0,80.0,74.0,0.0,80.0,0,0,0,0.0217,0.0417,1.0,0.0,0.0,0.0,0.0,0.0,0.0,68.0,62.0,71.8,2,5,0,0.0,0
178,2,1,2,68000,67804,0,67804,68000,0.9971,1.0,0.0,53.0,80.0,0.0,53.0,0,0,0,0.0,0.0583,1.0,0.0,0.0,0.0,0.0,0.0,0.0,80.0,69.0,68.6,0,7,0,0.0,0
179,1,1,2,68000,67865,0,67865,68000,0.998,1.0,0.0,0.0,61.0,0.0,0.0,0,0,0,0.0,0.0417,1.0,0.0,0.0,0.0,0.0,0.0,0.0,53.0,82.0,52.2,0,5,0,0.0,0
180,0,0,3,68000,67936,0,67936,68000,0.9991,1.0,0.0,0.0,71.0,0.0,0.0,0,0,0,0.0,0.025,1.0,0.0,0.0,0.0,0.0,0.0,0.0,0.0,60.0,40.2,0,3,0,0.0,0
181,0,0,3,68000,67986,0,67986,68000,0.9998,1.0,0.0,0.0,50.0,0.0,0.0,0,0,0,0.0,0.0,1.0,0.0,0.0,0.0,0.0,0.0,0.0,0.0,68.0,26.6,0,0,0,0.0,0
182,0,0,3,68000,68000,0,68000,68000,1.0,1.0,0.0,0.0,14.0,0.0,0.0,0,0,0,0.0,0.0,1.0,0.0,0.0,0.0,0.0,0.0,0.0,0.0,80.0,10.6,0,0,0,0.0,0
183,0,0,3,68000,68000,0,68000,68000,1.0,1.0,0.0,0.0,0.0,0.0,0.0,0,0,0,0.0,0.0,1.0,0.0,0.0,0.0,0.0,0.0,0.0,0.0,53.0,0.0,0,0,0,0.0,0
184,0,0,3,68000,68000,0,68000,68000,1.0,1.0,0.0,0.0,0.0,0.0,0.0,0,0,0,0.0,0.0,1.0,0.0,0.0,0.0,0.0,0.0,0.0,0.0,0.0,0.0,0,0,0,0.0,0
185,0,0,3,68000,68000,0,68000,68000,1.0,1.0,0.0,0.0,0.0,0.0,0.0,0,0,0,0.0,0.0,1.0,0.0,0.0,0.0,0.0,0.0,0.0,0.0,0.0,0.0,0,0,0,0.0,0
186,0,0,3,68000,68000,0,68000,68000,1.0,1.0,0.0,0.0,0.0,0.0,0.0,0,0,0,0.0,0.0,1.0,0.0,0.0,0.0,0.0,0.0,0.0,0.0,0.0,0.0,0,0,0,0.0,0
187,0,0,3,68000,68000,0,68000,68000,1.0,1.0,0.0,0.0,0.0,0.0,0.0,0,0,0,0.0,0.0,1.0,0.0,0.0,0.0,0.0,0.0,0.0,0.0,0.0,0.0,0,0,0,0.0,0
188,0,0,3,68000,68000,0,68000,68000,1.0,1.0,0.0,0.0,0.0,0.0,0.0,0,0,0,0.0,0.0,1.0,0.0,0.0,0.0,0.0,0.0,0.0,0.0,0.0,0.0,0,0,0,0.0,0
189,0,0,3,68000,68000,0,68000,68000,1.0,1.0,0.0,0.0,0.0,0.0,0.0,0,0,0,0.0,0.0,1.0,0.0,0.0,0.0,0.0,0.0,0.0,0.0,0.0,0.0,0,0,0,0.0,0
190,0,0,3,68000,68000,0,68000,68000,1.0,1.0,0.0,0.0,0.0,0.0,0.0,0,0,0,0.0,0.0,1.0,0.0,0.0,0.0,0.0,0.0,0.0,0.0,0.0,0.0,0,0,0,0.0,0
191,0,0,3,68000,68000,0,68000,68000,1.0,1.0,0.0,0.0,0.0,0.0,0.0,0,0,0,0.0,0.0,1.0,0.0,0.0,0.0,0.0,0.0,0.0,0.0,0.0,0.0,0,0,0,0.0,0
192,0,0,3,68000,68000,0,68000,68000,1.0,1.0,0.0,0.0,0.0,0.0,0.0,0,0,0,0.0,0.0,1.0,0.0,0.0,0.0,0.0,0.0,0.0,0.0,0.0,0.0,0,0,0,0.0,0
193,0,0,3,68000,68000,0,68000,68000,1.0,1.0,0.0,0.0,0.0,0.0,0.0,0,0,0,0.0,0.0,1.0,0.0,0.0,0.0,0.0,0.0,0.0,0.0,0.0,0.0,0,0,0,0.0,0
194,0,0,3,68000,68000,0,68000,68000,1.0,1.0,0.0,0.0,0.0,0.0,0.0,0,0,0,0.0,0.0,1.0,0.0,0.0,0.0,0.0,0.0,0.0,0.0,0.0,0.0,0,0,0,0.0,0
195,0,0,3,68000,68000,0,68000,68000,1.0,1.0,0.0,0.0,0.0,0.0,0.0,0,0,0,0.0,0.0,1.0,0.0,0.0,0.0,0.0,0.0,0.0,0.0,0.0,0.0,0,0,0,0.0,0
196,0,0,3,68000,68000,0,68000,68000,1.0,1.0,0.0,0.0,0.0,0.0,0.0,0,0,0,0.0,0.0,1.0,0.0,0.0,0.0,0.0,0.0,0.0,0.0,0.0,0.0,0,0,0,0.0,0
197,0,0,3,68000,68000,0,68000,68000,1.0,1.0,0.0,0.0,0.0,0.0,0.0,0,0,0,0.0,0.0,1.0,0.0,0.0,0.0,0.0,0.0,0.0,0.0,0.0,0.0,0,0,0,0.0,0
198,0,0,3,68000,68000,0,68000,68000,1.0,1.0,0.0,0.0,0.0,0.0,0.0,0,0,0,0.0,0.0,1.0,0.0,0.0,0.0,0.0,0.0,0.0,0.0,0.0,0.0,0,0,0,0.0,0
199,0,0,3,68000,68000,0,68000,68000,1.0,1.0,0.0,0.0,0.0,0.0,0.0,0,0,0,0.0,0.0,1.0,0.0,0.0,0.0,0.0,0.0,0.0,0.0,0.0,0.0,0,0,0,0.0,0
200,0,0,3,68000,68000,0,68000,68000,1.0,1.0,0.0,0.0,0.0,0.0,0.0,0,0,0,0.0,0.0,1.0,0.0,0.0,0.0,0.0,0.0,0.0,0.0,0.0,0.0,0,0,0,0.0,0
201,0,0,3,68000,68000,0,68000,68000,1.0,1.0,0.0,0.0,0.0,0.0,0.0,0,0,0,0.0,0.0,1.0,0.0,0.0,0.0,0.0,0.0,0.0,0.0,0.0,0.0,0,0,0,0.0,0
202,0,0,3,68000,68000,0,68000,68000,1.0,1.0,0.0,0.0,0.0,0.0,0.0,0,0,0,0.0,0.0,1.0,0.0,0.0,0.0,0.0,0.0,0.0,0.0,0.0,0.0,0,0,0,0.0,0
203,0,0,3,68000,68000,0,68000,68000,1.0,1.0,0.0,0.0,0.0,0.0,0.0,0,0,0,0.0,0.0,1.0,0.0,0.0,0.0,0.0,0.0,0.0,0.0,0.0,0.0,0,0,0,0.0,0
204,0,0,3,68000,68000,0,68000,68000,1.0,1.0,0.0,0.0,0.0,0.0,0.0,0,0,0,0.0,0.0,1.0,0.0,0.0,0.0,0.0,0.0,0.0,0.0,0.0,0.0,0,0,0,0.0,0
205,0,0,3,68000,68000,0,68000,68000,1.0,1.0,0.0,0.0,0.0,0.0,0.0,0,0,0,0.0,0.0,1.0,0.0,0.0,0.0,0.0,0.0,0.0,0.0,0.0,0.0,0,0,0,0.0,0
206,0,0,3,68000,68000,0,68000,68000,1.0,1.0,0.0,0.0,0.0,0.0,0.0,0,0,0,0.0,0.0,1.0,0.0,0.0,0.0,0.0,0.0,0.0,0.0,0.0,0.0,0,0,0,0.0,0
207,0,0,3,68000,68000,0,68000,68000,1.0,1.0,0.0,0.0,0.0,0.0,0.0,0,0,0,0.0,0.0,1.0,0.0,0.0,0.0,0.0,0.0,0.0,0.0,0.0,0.0,0,0,0,0.0,0
208,0,0,3,68000,68000,0,68000,68000,1.0,1.0,0.0,0.0,0.0,0.0,0.0,0,0,0,0.0,0.0,1.0,0.0,0.0,0.0,0.0,0.0,0.0,0.0,0.0,0.0,0,0,0,0.0,0
209,0,0,3,68000,68000,0,68000,68000,1.0,1.0,0.0,0.0,0.0,0.0,0.0,0,0,0,0.0,0.0,1.0,0.0,0.0,0.0,0.0,0.0,0.0,0.0,0.0,0.0,0,0,0,0.0,0
210,0,0,3,68000,68000,0,68000,68000,1.0,1.0,0.0,0.0,0.0,0.0,0.0,0,0,0,0.0,0.0,1.0,0.0,0.0,0.0,0.0,0.0,0.0,0.0,0.0,0.0,0,0,0,0.0,0
211,0,0,3,68000,68000,0,68000,68000,1.0,1.0,0.0,0.0,0.0,0.0,0.0,0,0,0,0.0,0.0,1.0,0.0,0.0,0.0,0.0,0.0,0.0,0.0,0.0,0.0,0,0,0,0.0,0
212,0,0,3,68000,68000,0,68000,68000,1.0,1.0,0.0,0.0,0.0,0.0,0.0,0,0,0,0.0,0.0,1.0,0.0,0.0,0.0,0.0,0.0,0.0,0.0,0.0,0.0,0,0,0,0.0,0
213,0,0,3,68000,68000,0,68000,68000,1.0,1.0,0.0,0.0,0.0,0.0,0.0,0,0,0,0.0,0.0,1.0,0.0,0.0,0.0,0.0,0.0,0.0,0.0,0.0,0.0,0,0,0,0.0,0
214,0,0,3,68000,68000,0,68000,68000,1.0,1.0,0.0,0.0,0.0,0.0,0.0,0,0,0,0.0,0.0,1.0,0.0,0.0,0.0,0.0,0.0,0.0,0.0,0.0,0.0,0,0,0,0.0,0
215,0,0,3,68000,68000,0,68000,68000,1.0,1.0,0.0,0.0,0.0,0.0,0.0,0,0,0,0.0,0.0,1.0,0.0,0.0,0.0,0.0,0.0,0.0,0.0,0.0,0.0,0,0,0,0.0,0
216,0,0,3,68000,68000,0,68000,68000,1.0,1.0,0.0,0.0,0.0,0.0,0.0,0,0,0,0.0,0.0,1.0,0.0,0.0,0.0,0.0,0.0,0.0,0.0,0.0,0.0,0,0,0,0.0,0
217,0,0,3,68000,68000,0,68000,68000,1.0,1.0,0.0,0.0,0.0,0.0,0.0,0,0,0,0.0,0.0,1.0,0.0,0.0,0.0,0.0,0.0,0.0,0.0,0.0,0.0,0,0,0,0.0,0
218,0,0,3,68000,68000,0,68000,68000,1.0,1.0,0.0,0.0,0.0,0.0,0.0,0,0,0,0.0,0.0,1.0,0.0,0.0,0.0,0.0,0.0,0.0,0.0,0.0,0.0,0,0,0,0.0,0
219,0,0,3,68000,68000,0,68000,68000,1.0,1.0,0.0,0.0,0.0,0.0,0.0,0,0,0,0.0,0.0,1.0,0.0,0.0,0.0,0.0,0.0,0.0,0.0,0.0,0.0,0,0,0,0.0,0
220,0,0,3,68000,68000,0,68000,68000,1.0,1.0,0.0,0.0,0.0,0.0,0.0,0,0,0,0.0,0.0,1.0,0.0,0.0,0.0,0.0,0.0,0.0,0.0,0.0,0.0,0,0,0,0.0,0
221,0,0,3,68000,68000,0,68000,68000,1.0,1.0,0.0,0.0,0.0,0.0,0.0,0,0,0,0.0,0.0,1.0,0.0,0.0,0.0,0.0,0.0,0.0,0.0,0.0,0.0,0,0,0,0.0,0
222,0,0,3,68000,68000,0,68000,68000,1.0,1.0,0.0,0.0,0.0,0.0,0.0,0,0,0,0.0,0.0,1.0,0.0,0.0,0.0,0.0,0.0,0.0,0.0,0.0,0.0,0,0,0,0.0,0
223,0,0,3,68000,68000,0,68000,68000,1.0,1.0,0.0,0.0,0.0,0.0,0.0,0,0,0,0.0,0.0,1.0,0.0,0.0,0.0,0.0,0.0,0.0,0.0,0.0,0.0,0,0,0,0.0,0
224,0,0,3,68000,68000,0,68000,68000,1.0,1.0,0.0,0.0,0.0,0.0,0.0,0,0,0,0.0,0.0,1.0,0.0,0.0,0.0,0.0,0.0,0.0,0.0,0.0,0.0,0,0,0,0.0,0
225,0,0,3,68000,68000,0,68000,68000,1.0,1.0,0.0,0.0,0.0,0.0,0.0,0,0,0,0.0,0.0,1.0,0.0,0.0,0.0,0.0,0.0,0.0,0.0,0.0,0.0,0,0,0,0.0,0
226,0,0,3,68000,68000,0,68000,68000,1.0,1.0,0.0,0.0,0.0,0.0,0.0,0,0,0,0.0,0.0,1.0,0.0,0.0,0.0,0.0,0.0,0.0,0.0,0.0,0.0,0,0,0,0.0,0
227,0,0,3,68000,68000,0,68000,68000,1.0,1.0,0.0,0.0,0.0,0.0,0.0,0,0,0,0.0,0.0,1.0,0.0,0.0,0.0,0.0,0.0,0.0,0.0,0.0,0.0,0,0,0,0.0,0
228,0,0,3,68000,68000,0,68000,68000,1.0,1.0,0.0,0.0,0.0,0.0,0.0,0,0,0,0.0,0.0,1.0,0.0,0.0,0.0,0.0,0.0,0.0,0.0,0.0,0.0,0,0,0,0.0,0
229,0,0,3,68000,68000,0,68000,68000,1.0,1.0,0.0,0.0,0.0,0.0,0.0,0,0,0,0.0,0.0,1.0,0.0,0.0,0.0,0.0,0.0,0.0,0.0,0.0,0.0,0,0,0,0.0,0
230,0,0,3,68000,68000,0,68000,68000,1.0,1.0,0.0,0.0,0.0,0.0,0.0,0,0,0,0.0,0.0,1.0,0.0,0.0,0.0,0.0,0.0,0.0,0.0,0.0,0.0,0,0,0,0.0,0
231,0,0,3,68000,68000,0,68000,68000,1.0,1.0,0.0,0.0,0.0,0.0,0.0,0,0,0,0.0,0.0,1.0,0.0,0.0,0.0,0.0,0.0,0.0,0.0,0.0,0.0,0,0,0,0.0,0
232,0,0,3,68000,68000,0,68000,68000,1.0,1.0,0.0,0.0,0.0,0.0,0.0,0,0,0,0.0,0.0,1.0,0.0,0.0,0.0,0.0,0.0,0.0,0.0,0.0,0.0,0,0,0,0.0,0
233,0,0,3,68000,68000,0,68000,68000,1.0,1.0,0.0,0.0,0.0,0.0,0.0,0,0,0,0.0,0.0,1.0,0.0,0.0,0.0,0.0,0.0,0.0,0.0,0.0,0.0,0,0,0,0.0,0
234,0,0,3,68000,68000,0,68000,68000,1.0,1.0,0.0,0.0,0.0,0.0,0.0,0,0,0,0.0,0.0,1.0,0.0,0.0,0.0,0.0,0.0,0.0,0.0,0.0,0.0,0,0,0,0.0,0
235,0,0,3,68000,68000,0,68000,68000,1.0,1.0,0.0,0.0,0.0,0.0,0.0,0,0,0,0.0,0.0,1.0,0.0,0.0,0.0,0.0,0.0,0.0,0.0,0.0,0.0,0,0,0,0.0,0
236,0,0,3,68000,68000,0,68000,68000,1.0,1.0,0.0,0.0,0.0,0.0,0.0,0,0,0,0.0,0.0,1.0,0.0,0.0,0.0,0.0,0.0,0.0,0.0,0.0,0.0,0,0,0,0.0,0
237,0,0,3,68000,68000,0,68000,68000,1.0,1.0,0.0,0.0,0.0,0.0,0.0,0,0,0,0.0,0.0,1.0,0.0,0.0,0.0,0.0,0.0,0.0,0.0,0.0,0.0,0,0,0,0.0,0
238,0,0,3,68000,68000,0,68000,68000,1.0,1.0,0.0,0.0,0.0,0.0,0.0,0,0,0,0.0,0.0,1.0,0.0,0.0,0.0,0.0,0.0,0.0,0.0,0.0,0.0,0,0,0,0.0,0
239,0,0,3,68000,68000,0,68000,68000,1.0,1.0,0.0,0.0,0.0,0.0,0.0,0,0,0,0.0,0.0,1.0,0.0,0.0,0.0,0.0,0.0,0.0,0.0,0.0,0.0,0,0,0,0.0,0
240,0,0,4,68000,68000,0,68000,68000,1.0,1.0,0.0,0.0,0.0,0.0,0.0,0,0,0,0.0,0.0,1.0,0.0,0.0,0.0,0.0,0.0,0.0,0.0,0.0,0.0,0,0,0,0.0,0
241,0,0,4,68000,68000,0,68000,68000,1.0,1.0,0.0,0.0,0.0,0.0,0.0,0,0,0,0.0,0.0,1.0,0.0,0.0,0.0,0.0,0.0,0.0,0.0,0.0,0.0,0,0,0,0.0,0
242,0,0,4,68000,68000,0,68000,68000,1.0,1.0,0.0,0.0,0.0,0.0,0.0,0,0,0,0.0,0.0,1.0,0.0,0.0,0.0,0.0,0.0,0.0,0.0,0.0,0.0,0,0,0,0.0,0
243,0,0,4,68000,68000,0,68000,68000,1.0,1.0,0.0,0.0,0.0,0.0,0.0,0,0,0,0.0,0.0,1.0,0.0,0.0,0.0,0.0,0.0,0.0,0.0,0.0,0.0,0,0,0,0.0,0
244,0,0,4,68000,68000,0,68000,68000,1.0,1.0,0.0,0.0,0.0,0.0,0.0,0,0,0,0.0,0.0,1.0,0.0,0.0,0.0,0.0,0.0,0.0,0.0,0.0,0.0,0,0,0,0.0,0
245,0,0,4,68000,68000,0,68000,68000,1.0,1.0,0.0,0.0,0.0,0.0,0.0,0,0,0,0.0,0.0,1.0,0.0,0.0,0.0,0.0,0.0,0.0,0.0,0.0,0.0,0,0,0,0.0,0
246,0,0,4,68000,68000,0,68000,68000,1.0,1.0,0.0,0.0,0.0,0.0,0.0,0,0,0,0.0,0.0,1.0,0.0,0.0,0.0,0.0,0.0,0.0,0.0,0.0,0.0,0,0,0,0.0,0
247,0,0,4,68000,68000,0,68000,68000,1.0,1.0,0.0,0.0,0.0,0.0,0.0,0,0,0,0.0,0.0,1.0,0.0,0.0,0.0,0.0,0.0,0.0,0.0,0.0,0.0,0,0,0,0.0,0
248,0,0,4,68000,68000,0,68000,68000,1.0,1.0,0.0,0.0,0.0,0.0,0.0,0,0,0,0.0,0.0,1.0,0.0,0.0,0.0,0.0,0.0,0.0,0.0,0.0,0.0,0,0,0,0.0,0
249,0,0,4,68000,68000,0,68000,68000,1.0,1.0,0.0,0.0,0.0,0.0,0.0,0,0,0,0.0,0.0,1.0,0.0,0.0,0.0,0.0,0.0,0.0,0.0,0.0,0.0,0,0,0,0.0,0
250,0,0,4,68000,68000,0,68000,68000,1.0,1.0,0.0,0.0,0.0,0.0,0.0,0,0,0,0.0,0.0,1.0,0.0,0.0,0.0,0.0,0.0,0.0,0.0,0.0,0.0,0,0,0,0.0,0
251,0,0,4,68000,68000,0,68000,68000,1.0,1.0,0.0,0.0,0.0,0.0,0.0,0,0,0,0.0,0.0,1.0,0.0,0.0,0.0,0.0,0.0,0.0,0.0,0.0,0.0,0,0,0,0.0,0
252,0,0,4,68000,68000,0,68000,68000,1.0,1.0,0.0,0.0,0.0,0.0,0.0,0,0,0,0.0,0.0,1.0,0.0,0.0,0.0,0.0,0.0,0.0,0.0,0.0,0.0,0,0,0,0.0,0
253,0,0,4,68000,68000,0,68000,68000,1.0,1.0,0.0,0.0,0.0,0.0,0.0,0,0,0,0.0,0.0,1.0,0.0,0.0,0.0,0.0,0.0,0.0,0.0,0.0,0.0,0,0,0,0.0,0
254,0,0,4,68000,68000,0,68000,68000,1.0,1.0,0.0,0.0,0.0,0.0,0.0,0,0,0,0.0,0.0,1.0,0.0,0.0,0.0,0.0,0.0,0.0,0.0,0.0,0.0,0,0,0,0.0,0
255,0,0,4,68000,68000,0,68000,68000,1.0,1.0,0.0,0.0,0.0,0.0,0.0,0,0,0,0.0,0.0,1.0,0.0,0.0,0.0,0.0,0.0,0.0,0.0,0.0,0.0,0,0,0,0.0,0
256,0,0,4,68000,68000,0,68000,68000,1.0,1.0,0.0,0.0,0.0,0.0,0.0,0,0,0,0.0,0.0,1.0,0.0,0.0,0.0,0.0,0.0,0.0,0.0,0.0,0.0,0,0,0,0.0,0
257,0,0,4,68000,68000,0,68000,68000,1.0,1.0,0.0,0.0,0.0,0.0,0.0,0,0,0,0.0,0.0,1.0,0.0,0.0,0.0,0.0,0.0,0.0,0.0,0.0,0.0,0,0,0,0.0,0
258,0,0,4,68000,68000,0,68000,68000,1.0,1.0,0.0,0.0,0.0,0.0,0.0,0,0,0,0.0,0.0,1.0,0.0,0.0,0.0,0.0,0.0,0.0,0.0,0.0,0.0,0,0,0,0.0,0
259,0,0,4,68000,68000,0,68000,68000,1.0,1.0,0.0,0.0,0.0,0.0,0.0,0,0,0,0.0,0.0,1.0,0.0,0.0,0.0,0.0,0.0,0.0,0.0,0.0,0.0,0,0,0,0.0,0
260,0,0,4,68000,68000,0,68000,68000,1.0,1.0,0.0,0.0,0.0,0.0,0.0,0,0,0,0.0,0.0,1.0,0.0,0.0,0.0,0.0,0.0,0.0,0.0,0.0,0.0,0,0,0,0.0,0
261,0,0,4,68000,68000,0,68000,68000,1.0,1.0,0.0,0.0,0.0,0.0,0.0,0,0,0,0.0,0.0,1.0,0.0,0.0,0.0,0.0,0.0,0.0,0.0,0.0,0.0,0,0,0,0.0,0
262,0,0,4,68000,68000,0,68000,68000,1.0,1.0,0.0,0.0,0.0,0.0,0.0,0,0,0,0.0,0.0,1.0,0.0,0.0,0.0,0.0,0.0,0.0,0.0,0.0,0.0,0,0,0,0.0,0
263,0,0,4,68000,68000,0,68000,68000,1.0,1.0,0.0,0.0,0.0,0.0,0.0,0,0,0,0.0,0.0,1.0,0.0,0.0,0.0,0.0,0.0,0.0,0.0,0.0,0.0,0,0,0,0.0,0
264,0,0,4,68000,68000,0,68000,68000,1.0,1.0,0.0,0.0,0.0,0.0,0.0,0,0,0,0.0,0.0,1.0,0.0,0.0,0.0,0.0,0.0,0.0,0.0,0.0,0.0,0,0,0,0.0,0
265,0,0,4,68000,68000,0,68000,68000,1.0,1.0,0.0,0.0,0.0,0.0,0.0,0,0,0,0.0,0.0,1.0,0.0,0.0,0.0,0.0,0.0,0.0,0.0,0.0,0.0,0,0,0,0.0,0
266,0,0,4,68000,68000,0,68000,68000,1.0,1.0,0.0,0.0,0.0,0.0,0.0,0,0,0,0.0,0.0,1.0,0.0,0.0,0.0,0.0,0.0,0.0,0.0,0.0,0.0,0,0,0,0.0,0
267,0,0,4,68000,68000,0,68000,68000,1.0,1.0,0.0,0.0,0.0,0.0,0.0,0,0,0,0.0,0.0,1.0,0.0,0.0,0.0,0.0,0.0,0.0,0.0,0.0,0.0,0,0,0,0.0,0
268,0,0,4,68000,68000,0,68000,68000,1.0,1.0,0.0,0.0,0.0,0.0,0.0,0,0,0,0.0,0.0,1.0,0.0,0.0,0.0,0.0,0.0,0.0,0.0,0.0,0.0,0,0,0,0.0,0
269,0,0,4,68000,68000,0,68000,68000,1.0,1.0,0.0,0.0,0.0,0.0,0.0,0,0,0,0.0,0.0,1.0,0.0,0.0,0.0,0.0,0.0,0.0,0.0,0.0,0.0,0,0,0,0.0,0
270,0,0,4,68000,68000,0,68000,68000,1.0,1.0,0.0,0.0,0.0,0.0,0.0,0,0,0,0.0,0.0,1.0,0.0,0.0,0.0,0.0,0.0,0.0,0.0,0.0,0.0,0,0,0,0.0,0
271,0,0,4,68000,68000,0,68000,68000,1.0,1.0,0.0,0.0,0.0,0.0,0.0,0,0,0,0.0,0.0,1.0,0.0,0.0,0.0,0.0,0.0,0.0,0.0,0.0,0.0,0,0,0,0.0,0
272,0,0,4,68000,68000,0,68000,68000,1.0,1.0,0.0,0.0,0.0,0.0,0.0,0,0,0,0.0,0.0,1.0,0.0,0.0,0.0,0.0,0.0,0.0,0.0,0.0,0.0,0,0,0,0.0,0
273,0,0,4,68000,68000,0,68000,68000,1.0,1.0,0.0,0.0,0.0,0.0,0.0,0,0,0,0.0,0.0,1.0,0.0,0.0,0.0,0.0,0.0,0.0,0.0,0.0,0.0,0,0,0,0.0,0
274,0,0,4,68000,68000,0,68000,68000,1.0,1.0,0.0,0.0,0.0,0.0,0.0,0,0,0,0.0,0.0,1.0,0.0,0.0,0.0,0.0,0.0,0.0,0.0,0.0,0.0,0,0,0,0.0,0
275,0,0,4,68000,68000,0,68000,68000,1.0,1.0,0.0,0.0,0.0,0.0,0.0,0,0,0,0.0,0.0,1.0,0.0,0.0,0.0,0.0,0.0,0.0,0.0,0.0,0.0,0,0,0,0.0,0
276,0,0,4,68000,68000,0,68000,68000,1.0,1.0,0.0,0.0,0.0,0.0,0.0,0,0,0,0.0,0.0,1.0,0.0,0.0,0.0,0.0,0.0,0.0,0.0,0.0,0.0,0,0,0,0.0,0
277,0,0,4,68000,68000,0,68000,68000,1.0,1.0,0.0,0.0,0.0,0.0,0.0,0,0,0,0.0,0.0,1.0,0.0,0.0,0.0,0.0,0.0,0.0,0.0,0.0,0.0,0,0,0,0.0,0
278,0,0,4,68000,68000,0,68000,68000,1.0,1.0,0.0,0.0,0.0,0.0,0.0,0,0,0,0.0,0.0,1.0,0.0,0.0,0.0,0.0,0.0,0.0,0.0,0.0,0.0,0,0,0,0.0,0
279,0,0,4,68000,68000,0,68000,68000,1.0,1.0,0.0,0.0,0.0,0.0,0.0,0,0,0,0.0,0.0,1.0,0.0,0.0,0.0,0.0,0.0,0.0,0.0,0.0,0.0,0,0,0,0.0,0
280,0,0,4,68000,68000,0,68000,68000,1.0,1.0,0.0,0.0,0.0,0.0,0.0,0,0,0,0.0,0.0,1.0,0.0,0.0,0.0,0.0,0.0,0.0,0.0,0.0,0.0,0,0,0,0.0,0
281,0,0,4,68000,68000,415,67585,67585,1.0,1.0,0.0061,0.0,0.0,415.0,-415.0,0,0,0,0.0978,0.0,1.0,0.0,0.0,0.0,0.0,0.0,0.0,0.0,0.0,0.0,9,0,0,0.0,0
282,0,0,4,68000,68000,822,67178,67178,1.0,1.0,0.0121,0.0,0.0,407.0,-407.0,0,0,0,0.0435,0.0,1.0,0.0,0.0,0.0,0.0,0.0,0.0,0.0,0.0,0.0,4,0,0,0.0,0
283,0,0,4,68000,68000,1237,66763,66763,1.0,1.0,0.0182,0.0,0.0,415.0,-415.0,0,0,0,0.1196,0.0,0.9935,0.0,0.0,0.0,0.0,0.0,0.0,0.0,0.0,0.0,11,0,39,0.0,0
284,0,0,4,68000,68000,1776,66224,66224,1.0,1.0,0.0261,0.0,0.0,539.0,-539.0,0,0,0,0.1087,0.0,0.9697,0.0,0.0,0.0,0.0,0.0,0.0,0.0,0.0,0.0,10,0,182,0.0,0
285,0,0,4,68000,68000,2425,65575,65575,1.0,1.0,0.0357,0.0,0.0,649.0,-649.0,0,0,0,0.0978,0.0,0.93,0.0,0.0,0.0,0.0,0.0,0.0,0.0,0.0,0.0,9,0,420,0.0,0
286,0,0,4,68000,68000,3147,64853,64853,1.0,1.0,0.0463,0.0,0.0,722.0,-722.0,0,0,0,0.0652,0.0,0.8827,0.0,0.0,0.0,0.0,0.0,0.0,0.0,0.0,0.0,6,0,704,0.0,0
287,0,0,4,68000,68000,3825,64175,64175,1.0,1.0,0.0563,0.0,0.0,678.0,-678.0,0,0,0,0.0978,0.0,0.8373,0.0,0.0,0.0,0.0,0.0,0.0,0.0,0.0,0.0,9,0,976,0.0,0
288,0,0,4,68000,68000,4559,63441,63441,1.0,1.0,0.067,0.0,0.0,734.0,-734.0,0,0,0,0.087,0.0,0.7857,0.0,0.0,0.0,0.0,0.0,0.0,0.0,0.0,0.0,8,0,1286,0.0,0
289,0,0,4,68000,68000,5250,62750,62750,1.0,1.0,0.0772,0.0,0.0,691.0,-691.0,0,0,0,0.0978,0.0,0.737,0.0,0.0,0.0,0.0,0.0,0.0,0.0,0.0,0.0,9,0,1578,0.0,0
290,0,0,4,68000,68000,5997,62003,62003,1.0,1.0,0.0882,0.0,0.0,747.0,-747.0,0,0,0,0.087,0.0,0.6868,0.0,0.0,0.0,0.0,0.0,0.0,0.0,0.0,0.0,8,0,1879,0.0,0
291,0,0,4,68000,68000,6272,61728,61728,1.0,1.0,0.0922,0.0,0.0,275.0,-275.0,0,0,0,0.0,0.0,0.6418,0.0,0.0,0.0,0.0,0.0,0.0,0.0,0.0,0.0,0,0,2149,0.0,0
292,0,0,4,68000,68000,6552,61448,61448,1.0,1.0,0.0964,0.0,0.0,280.0,-280.0,0,0,0,0.0,0.0,0.5952,0.0,0.0,0.0,0.0,0.0,0.0,0.0,0.0,0.0,0,0,2429,0.0,0
293,0,0,4,68000,68000,6801,61199,61199,1.0,1.0,0.1,0.0,0.0,249.0,-249.0,0,0,0,0.0,0.0,0.5537,0.0,0.0,0.0,0.0,0.0,0.0,0.0,0.0,0.0,0,0,2678,0.0,0
294,0,0,4,68000,68000,6934,61066,61066,1.0,1.0,0.102,0.0,0.0,133.0,-133.0,0,0,0,0.0,0.0,0.5315,0.0,0.0,0.0,0.0,0.0,0.0,0.0,0.0,0.0,0,0,2811,0.0,0
295,0,0,4,68000,68000,6978,61022,61022,1.0,1.0,0.1026,0.0,0.0,44.0,-44.0,0,0,0,0.0,0.0,0.5242,0.0,0.0,0.0,0.0,0.0,0.0,0.0,0.0,0.0,0,0,2855,0.0,0
296,0,0,4,68000,68000,9782,58218,58218,1.0,1.0,0.1439,0.0,0.0,2804.0,-2804.0,0,0,0,0.6304,0.0,0.5242,0.0,0.0,0.0,0.0,0.0,0.0,0.0,0.0,0.0,58,0,2855,0.0,0
297,0,0,4,68000,68000,12626,55374,55374,1.0,1.0,0.1857,0.0,0.0,2844.0,-2844.0,0,0,0,0.7283,0.0,0.5242,0.0,0.0,0.0,0.0,0.0,0.0,0.0,0.0,0.0,67,0,2855,0.0,0
298,0,0,4,68000,68000,15725,52275,52275,1.0,1.0,0.2313,0.0,0.0,3099.0,-3099.0,0,0,0,0.6413,0.0,0.4757,0.0,0.0,0.0,0.0,0.0,0.0,0.0,0.0,0.0,59,0,3146,0.0,0
299,0,0,4,68000,68000,19578,48422,48422,1.0,1.0,0.2879,0.0,0.0,3853.0,-3853.0,0,0,0,0.75,0.0,0.3142,0.0,0.0,0.0,0.0,0.0,0.0,0.0,0.0,0.0,69,0,4115,0.0,0
300,0,0,4,68000,68000,23888,44112,44112,1.0,1.0,0.3513,0.0,0.0,4310.0,-4310.0,0,0,0,0.7391,0.0,0.0583,0.0,0.0,0.0,0.0,0.0,0.0,0.0,0.0,0.0,68,0,5650,0.0,0
301,0,0,4,68000,68000,28664,39336,39336,1.0,1.0,0.4215,0.0,0.0,4776.0,-4776.0,0,0,0,0.5543,0.0,0.0,0.0,0.0,0.0,0.0,0.0,0.0,0.0,0.0,0.0,51,0,6000,0.0,0
302,0,0,4,68000,68000,33380,34620,34620,1.0,1.0,0.4909,0.0,0.0,4716.0,-4716.0,0,0,0,0.6413,0.0,0.0,0.0,0.0,0.0,0.0,0.0,0.0,0.0,0.0,0.0,59,0,6000,0.0,0
303,0,0,4,68000,68000,38121,29879,29879,1.0,1.0,0.5606,0.0,0.0,4741.0,-4741.0,0,0,0,0.6196,0.0,0.0,0.0,0.0,0.0,0.0,0.0,0.0,0.0,0.0,0.0,57,0,6000,0.0,0
304,0,0,4,68000,68000,42922,25078,25078,1.0,1.0,0.6312,0.0,0.0,4801.0,-4801.0,0,0,0,0.6522,0.0,0.0,0.0,0.0,0.0,0.0,0.0,0.0,0.0,0.0,0.0,60,0,6000,0.0,0
305,0,0,4,68000,68000,47568,20432,20432,1.0,1.0,0.6995,0.0,0.0,4646.0,-4646.0,0,0,0,0.7935,0.0,0.0,0.0,0.0,0.0,0.0,0.0,0.0,0.0,0.0,0.0,73,0,6000,0.0,0
306,0,0,4,68000,68000,50282,17718,17718,1.0,1.0,0.7394,0.0,0.0,2714.0,-2714.0,0,0,0,0.2174,0.0,0.0,0.0,0.0,0.0,0.0,0.0,0.0,0.0,0.0,0.0,20,0,6000,0.0,0
307,0,0,4,68000,68000,53050,14950,14950,1.0,1.0,0.7801,0.0,0.0,2768.0,-2768.0,0,0,0,0.2065,0.0,0.0,0.0,0.0,0.0,0.0,0.0,0.0,0.0,0.0,0.0,19,0,6000,0.0,0
308,0,0,4,68000,68000,55564,12436,12436,1.0,1.0,0.8171,0.0,0.0,2514.0,-2514.0,0,0,0,0.2391,0.0,0.0,0.0,0.0,0.0,0.0,0.0,0.0,0.0,0.0,0.0,22,0,6000,0.0,0
309,0,0,4,68000,68000,57612,10388,10388,1.0,1.0,0.8472,0.0,0.0,2048.0,-2048.0,0,0,0,0.2935,0.0,0.0,0.0,0.0,0.0,0.0,0.0,0.0,0.0,0.0,0.0,27,0,6000,0.0,0
310,0,0,4,68000,68000,59210,8790,8790,1.0,1.0,0.8707,0.0,0.0,1598.0,-1598.0,0,0,0,0.1196,0.0,0.0,0.0,0.0,0.0,0.0,0.0,0.0,0.0,0.0,0.0,11,0,6000,0.0,0
311,0,0,4,68000,68000,60614,7386,7386,1.0,1.0,0.8914,0.0,0.0,1404.0,-1404.0,0,0,0,0.2283,0.0,0.0,0.0,0.0,0.0,0.0,0.0,0.0,0.0,0.0,0.0,21,0,6000,0.0,0
312,0,0,4,68000,68000,61959,6041,6041,1.0,1.0,0.9112,0.0,0.0,1345.0,-1345.0,0,0,0,0.1304,0.0,0.0,0.0,0.0,0.0,0.0,0.0,0.0,0.0,0.0,0.0,12,0,6000,0.0,0
313,0,0,4,68000,68000,63323,4677,4677,1.0,1.0,0.9312,0.0,0.0,1364.0,-1364.0,0,0,0,0.2065,0.0,0.0,0.0,0.0,0.0,0.0,0.0,0.0,0.0,0.0,0.0,19,0,6000,0.0,0
314,0,0,4,68000,68000,64784,3216,3216,1.0,1.0,0.9527,0.0,0.0,1461.0,-1461.0,0,0,0,0.1957,0.0,0.0,0.0,0.0,0.0,0.0,0.0,0.0,0.0,0.0,0.0,18,0,6000,0.0,0
315,0,0,4,68000,68000,66083,1917,1917,1.0,1.0,0.9718,0.0,0.0,1299.0,-1299.0,0,0,0,0.0978,0.0,0.0,0.0,0.0,0.0,0.0,0.0,0.0,0.0,0.0,0.0,9,0,6000,0.0,0
316,0,0,4,68000,68000,66655,1345,1345,1.0,1.0,0.9802,0.0,0.0,572.0,-572.0,0,0,0,0.0,0.0,0.0,0.0,0.0,0.0,0.0,0.0,0.0,0.0,0.0,0.0,0,0,6000,0.0,0
317,0,0,4,68000,68000,67203,797,797,1.0,1.0,0.9883,0.0,0.0,548.0,-548.0,0,0,0,0.0,0.0,0.0,0.0,0.0,0.0,0.0,0.0,0.0,0.0,0.0,0.0,0,0,6000,0.0,0
318,0,0,4,68000,68000,67633,367,367,1.0,1.0,0.9946,0.0,0.0,430.0,-430.0,0,0,0,0.0,0.0,0.0,0.0,0.0,0.0,0.0,0.0,0.0,0.0,0.0,0.0,0,0,6000,0.0,0
319,0,0,4,68000,68000,67892,108,108,1.0,1.0,0.9984,0.0,0.0,259.0,-259.0,0,0,0,0.0,0.0,0.0,0.0,0.0,0.0,0.0,0.0,0.0,0.0,0.0,0.0,0,0,6000,0.0,0
320,0,0,4,68000,68000,68000,0,0,1.0,1.0,1.0,0.0,0.0,108.0,-108.0,0,0,0,0.0,0.0,0.0,0.0,0.0,0.0,0.0,0.0,0.0,0.0,0.0,0.0,0,0,6000,0.0,0
321,0,0,4,68000,68000,68000,0,0,1.0,1.0,1.0,0.0,0.0,0.0,0.0,0,0,0,0.0,0.0,0.0,0.0,0.0,0.0,0.0,0.0,0.0,0.0,0.0,0.0,0,0,6000,0.0,0
322,0,0,4,68000,68000,68000,0,0,1.0,1.0,1.0,0.0,0.0,0.0,0.0,0,0,0,0.0,0.0,0.0,0.0,0.0,0.0,0.0,0.0,0.0,0.0,0.0,0.0,0,0,6000,0.0,0
323,0,0,4,68000,68000,68000,0,0,1.0,1.0,1.0,0.0,0.0,0.0,0.0,0,0,0,0.0,0.0,0.0,0.0,0.0,0.0,0.0,0.0,0.0,0.0,0.0,0.0,0,0,6000,0.0,0
324,0,0,4,68000,68000,68000,0,0,1.0,1.0,1.0,0.0,0.0,0.0,0.0,0,0,0,0.0,0.0,0.0,0.0,0.0,0.0,0.0,0.0,0.0,0.0,0.0,0.0,0,0,6000,0.0,0
325,0,0,4,68000,68000,68000,0,0,1.0,1.0,1.0,0.0,0.0,0.0,0.0,0,0,0,0.0,0.0,0.0,0.0,0.0,0.0,0.0,0.0,0.0,0.0,0.0,0.0,0,0,6000,0.0,0
326,0,0,4,68000,68000,68000,0,0,1.0,1.0,1.0,0.0,0.0,0.0,0.0,0,0,0,0.0,0.0,0.0,0.0,0.0,0.0,0.0,0.0,0.0,0.0,0.0,0.0,0,0,6000,0.0,0
327,0,0,4,68000,68000,68000,0,0,1.0,1.0,1.0,0.0,0.0,0.0,0.0,0,0,0,0.0,0.0,0.0,0.0,0.0,0.0,0.0,0.0,0.0,0.0,0.0,0.0,0,0,6000,0.0,0
328,0,0,4,68000,68000,68000,0,0,1.0,1.0,1.0,0.0,0.0,0.0,0.0,0,0,0,0.0,0.0,0.0,0.0,0.0,0.0,0.0,0.0,0.0,0.0,0.0,0.0,0,0,6000,0.0,0
329,0,0,4,68000,68000,68000,0,0,1.0,1.0,1.0,0.0,0.0,0.0,0.0,0,0,0,0.0,0.0,0.0,0.0,0.0,0.0,0.0,0.0,0.0,0.0,0.0,0.0,0,0,6000,0.0,0
330,0,0,4,68000,68000,68000,0,0,1.0,1.0,1.0,0.0,0.0,0.0,0.0,0,0,0,0.0,0.0,0.0,0.0,0.0,0.0,0.0,0.0,0.0,0.0,0.0,0.0,0,0,6000,0.0,0
331,0,0,4,68000,68000,68000,0,0,1.0,1.0,1.0,0.0,0.0,0.0,0.0,0,0,0,0.0,0.0,0.0,0.0,0.0,0.0,0.0,0.0,0.0,0.0,0.0,0.0,0,0,6000,0.0,0
332,0,0,4,68000,68000,68000,0,0,1.0,1.0,1.0,0.0,0.0,0.0,0.0,0,0,0,0.0,0.0,0.0,0.0,0.0,0.0,0.0,0.0,0.0,0.0,0.0,0.0,0,0,6000,0.0,0
333,0,0,4,68000,68000,68000,0,0,1.0,1.0,1.0,0.0,0.0,0.0,0.0,0,0,0,0.0,0.0,0.0,0.0,0.0,0.0,0.0,0.0,0.0,0.0,0.0,0.0,0,0,6000,0.0,0
334,0,0,4,68000,68000,68000,0,0,1.0,1.0,1.0,0.0,0.0,0.0,0.0,0,0,0,0.0,0.0,0.0,0.0,0.0,0.0,0.0,0.0,0.0,0.0,0.0,0.0,0,0,6000,0.0,0
335,0,0,4,68000,68000,68000,0,0,1.0,1.0,1.0,0.0,0.0,0.0,0.0,0,0,0,0.0,0.0,0.0,0.0,0.0,0.0,0.0,0.0,0.0,0.0,0.0,0.0,0,0,6000,0.0,0
336,0,0,4,68000,68000,68000,0,0,1.0,1.0,1.0,0.0,0.0,0.0,0.0,0,0,0,0.0,0.0,0.0,0.0,0.0,0.0,0.0,0.0,0.0,0.0,0.0,0.0,0,0,6000,0.0,0
337,0,0,4,68000,68000,68000,0,0,1.0,1.0,1.0,0.0,0.0,0.0,0.0,0,0,0,0.0,0.0,0.0,0.0,0.0,0.0,0.0,0.0,0.0,0.0,0.0,0.0,0,0,6000,0.0,0
338,0,0,4,68000,68000,68000,0,0,1.0,1.0,1.0,0.0,0.0,0.0,0.0,0,0,0,0.0,0.0,0.0,0.0,0.0,0.0,0.0,0.0,0.0,0.0,0.0,0.0,0,0,6000,0.0,0
339,0,0,4,68000,68000,68000,0,0,1.0,1.0,1.0,0.0,0.0,0.0,0.0,0,0,0,0.0,0.0,0.0,0.0,0.0,0.0,0.0,0.0,0.0,0.0,0.0,0.0,0,0,6000,0.0,0
340,0,0,4,68000,68000,68000,0,0,1.0,1.0,1.0,0.0,0.0,0.0,0.0,0,0,0,0.0,0.0,0.0,0.0,0.0,0.0,0.0,0.0,0.0,0.0,0.0,0.0,0,0,6000,0.0,0
341,0,0,4,68000,68000,68000,0,0,1.0,1.0,1.0,0.0,0.0,0.0,0.0,0,0,0,0.0,0.0,0.0,0.0,0.0,0.0,0.0,0.0,0.0,0.0,0.0,0.0,0,0,6000,0.0,0
342,0,0,4,68000,68000,68000,0,0,1.0,1.0,1.0,0.0,0.0,0.0,0.0,0,0,0,0.0,0.0,0.0,0.0,0.0,0.0,0.0,0.0,0.0,0.0,0.0,0.0,0,0,6000,0.0,0
343,0,0,4,68000,68000,68000,0,0,1.0,1.0,1.0,0.0,0.0,0.0,0.0,0,0,0,0.0,0.0,0.0,0.0,0.0,0.0,0.0,0.0,0.0,0.0,0.0,0.0,0,0,6000,0.0,0
344,0,0,4,68000,68000,68000,0,0,1.0,1.0,1.0,0.0,0.0,0.0,0.0,0,0,0,0.0,0.0,0.0,0.0,0.0,0.0,0.0,0.0,0.0,0.0,0.0,0.0,0,0,6000,0.0,0
345,0,0,4,68000,68000,68000,0,0,1.0,1.0,1.0,0.0,0.0,0.0,0.0,0,0,0,0.0,0.0,0.0,0.0,0.0,0.0,0.0,0.0,0.0,0.0,0.0,0.0,0,0,6000,0.0,0
346,0,0,4,68000,68000,68000,0,0,1.0,1.0,1.0,0.0,0.0,0.0,0.0,0,0,0,0.0,0.0,0.0,0.0,0.0,0.0,0.0,0.0,0.0,0.0,0.0,0.0,0,0,6000,0.0,0
347,0,0,4,68000,68000,68000,0,0,1.0,1.0,1.0,0.0,0.0,0.0,0.0,0,0,0,0.0,0.0,0.0,0.0,0.0,0.0,0.0,0.0,0.0,0.0,0.0,0.0,0,0,6000,0.0,0
348,0,0,4,68000,68000,68000,0,0,1.0,1.0,1.0,0.0,0.0,0.0,0.0,0,0,0,0.0,0.0,0.0,0.0,0.0,0.0,0.0,0.0,0.0,0.0,0.0,0.0,0,0,6000,0.0,0
349,0,0,4,68000,68000,68000,0,0,1.0,1.0,1.0,0.0,0.0,0.0,0.0,0,0,0,0.0,0.0,0.0,0.0,0.0,0.0,0.0,0.0,0.0,0.0,0.0,0.0,0,0,6000,0.0,0
350,0,0,4,68000,68000,68000,0,0,1.0,1.0,1.0,0.0,0.0,0.0,0.0,0,0,0,0.0,0.0,0.0,0.0,0.0,0.0,0.0,0.0,0.0,0.0,0.0,0.0,0,0,6000,0.0,0
351,0,0,4,68000,68000,68000,0,0,1.0,1.0,1.0,0.0,0.0,0.0,0.0,0,0,0,0.0,0.0,0.0,0.0,0.0,0.0,0.0,0.0,0.0,0.0,0.0,0.0,0,0,6000,0.0,0
352,0,0,4,68000,68000,68000,0,0,1.0,1.0,1.0,0.0,0.0,0.0,0.0,0,0,0,0.0,0.0,0.0,0.0,0.0,0.0,0.0,0.0,0.0,0.0,0.0,0.0,0,0,6000,0.0,0
353,0,0,4,68000,68000,68000,0,0,1.0,1.0,1.0,0.0,0.0,0.0,0.0,0,0,0,0.0,0.0,0.0,0.0,0.0,0.0,0.0,0.0,0.0,0.0,0.0,0.0,0,0,6000,0.0,0
354,0,0,4,68000,68000,68000,0,0,1.0,1.0,1.0,0.0,0.0,0.0,0.0,0,0,0,0.0,0.0,0.0,0.0,0.0,0.0,0.0,0.0,0.0,0.0,0.0,0.0,0,0,6000,0.0,0
355,0,0,4,68000,68000,68000,0,0,1.0,1.0,1.0,0.0,0.0,0.0,0.0,0,0,0,0.0,0.0,0.0,0.0,0.0,0.0,0.0,0.0,0.0,0.0,0.0,0.0,0,0,6000,0.0,0
356,0,0,4,68000,68000,68000,0,0,1.0,1.0,1.0,0.0,0.0,0.0,0.0,0,0,0,0.0,0.0,0.0,0.0,0.0,0.0,0.0,0.0,0.0,0.0,0.0,0.0,0,0,6000,0.0,0
357,0,0,4,68000,68000,68000,0,0,1.0,1.0,1.0,0.0,0.0,0.0,0.0,0,0,0,0.0,0.0,0.0,0.0,0.0,0.0,0.0,0.0,0.0,0.0,0.0,0.0,0,0,6000,0.0,0
358,0,0,4,68000,68000,68000,0,0,1.0,1.0,1.0,0.0,0.0,0.0,0.0,0,0,0,0.0,0.0,0.0,0.0,0.0,0.0,0.0,0.0,0.0,0.0,0.0,0.0,0,0,6000,0.0,0
359,0,0,4,68000,68000,68000,0,0,1.0,1.0,1.0,0.0,0.0,0.0,0.0,0,0,0,0.0,0.0,0.0,0.0,0.0,0.0,0.0,0.0,0.0,0.0,0.0,0.0,0,0,6000,0.0,0
360,0,0,4,68000,68000,68000,0,0,1.0,1.0,1.0,0.0,0.0,0.0,0.0,0,0,0,0.0,0.0,0.0,0.0,0.0,0.0,0.0,0.0,0.0,0.0,0.0,0.0,0,0,6000,0.0,0
361,0,0,4,68000,68000,68000,0,0,1.0,1.0,1.0,0.0,0.0,0.0,0.0,0,0,0,0.0,0.0,0.0,0.0,0.0,0.0,0.0,0.0,0.0,0.0,0.0,0.0,0,0,6000,0.0,0
362,0,0,4,68000,68000,68000,0,0,1.0,1.0,1.0,0.0,0.0,0.0,0.0,0,0,0,0.0,0.0,0.0,0.0,0.0,0.0,0.0,0.0,0.0,0.0,0.0,0.0,0,0,6000,0.0,0
363,0,0,4,68000,68000,68000,0,0,1.0,1.0,1.0,0.0,0.0,0.0,0.0,0,0,0,0.0,0.0,0.0,0.0,0.0,0.0,0.0,0.0,0.0,0.0,0.0,0.0,0,0,6000,0.0,0
364,0,0,4,68000,68000,68000,0,0,1.0,1.0,1.0,0.0,0.0,0.0,0.0,0,0,0,0.0,0.0,0.0,0.0,0.0,0.0,0.0,0.0,0.0,0.0,0.0,0.0,0,0,6000,0.0,0
365,0,0,4,68000,68000,68000,0,0,1.0,1.0,1.0,0.0,0.0,0.0,0.0,0,0,0,0.0,0.0,0.0,0.0,0.0,0.0,0.0,0.0,0.0,0.0,0.0,0.0,0,0,6000,0.0,0
366,0,0,4,68000,68000,68000,0,0,1.0,1.0,1.0,0.0,0.0,0.0,0.0,0,0,0,0.0,0.0,0.0,0.0,0.0,0.0,0.0,0.0,0.0,0.0,0.0,0.0,0,0,6000,0.0,0
367,0,0,4,68000,68000,68000,0,0,1.0,1.0,1.0,0.0,0.0,0.0,0.0,0,0,0,0.0,0.0,0.0,0.0,0.0,0.0,0.0,0.0,0.0,0.0,0.0,0.0,0,0,6000,0.0,0
368,0,0,4,68000,68000,68000,0,0,1.0,1.0,1.0,0.0,0.0,0.0,0.0,0,0,0,0.0,0.0,0.0,0.0,0.0,0.0,0.0,0.0,0.0,0.0,0.0,0.0,0,0,6000,0.0,0
369,0,0,4,68000,68000,68000,0,0,1.0,1.0,1.0,0.0,0.0,0.0,0.0,0,0,0,0.0,0.0,0.0,0.0,0.0,0.0,0.0,0.0,0.0,0.0,0.0,0.0,0,0,6000,0.0,0
370,0,0,4,68000,68000,68000,0,0,1.0,1.0,1.0,0.0,0.0,0.0,0.0,0,0,0,0.0,0.0,0.0,0.0,0.0,0.0,0.0,0.0,0.0,0.0,0.0,0.0,0,0,6000,0.0,0
371,0,0,4,68000,68000,68000,0,0,1.0,1.0,1.0,0.0,0.0,0.0,0.0,0,0,0,0.0,0.0,0.0,0.0,0.0,0.0,0.0,0.0,0.0,0.0,0.0,0.0,0,0,6000,0.0,0
372,0,0,4,68000,68000,68000,0,0,1.0,1.0,1.0,0.0,0.0,0.0,0.0,0,0,0,0.0,0.0,0.0,0.0,0.0,0.0,0.0,0.0,0.0,0.0,0.0,0.0,0,0,6000,0.0,0
373,0,0,4,68000,68000,68000,0,0,1.0,1.0,1.0,0.0,0.0,0.0,0.0,0,0,0,0.0,0.0,0.0,0.0,0.0,0.0,0.0,0.0,0.0,0.0,0.0,0.0,0,0,6000,0.0,0
374,0,0,4,68000,68000,68000,0,0,1.0,1.0,1.0,0.0,0.0,0.0,0.0,0,0,0,0.0,0.0,0.0,0.0,0.0,0.0,0.0,0.0,0.0,0.0,0.0,0.0,0,0,6000,0.0,0
375,0,0,4,68000,68000,68000,0,0,1.0,1.0,1.0,0.0,0.0,0.0,0.0,0,0,0,0.0,0.0,0.0,0.0,0.0,0.0,0.0,0.0,0.0,0.0,0.0,0.0,0,0,6000,0.0,0
376,0,0,4,68000,68000,68000,0,0,1.0,1.0,1.0,0.0,0.0,0.0,0.0,0,0,0,0.0,0.0,0.0,0.0,0.0,0.0,0.0,0.0,0.0,0.0,0.0,0.0,0,0,6000,0.0,0
377,0,0,4,68000,68000,68000,0,0,1.0,1.0,1.0,0.0,0.0,0.0,0.0,0,0,0,0.0,0.0,0.0,0.0,0.0,0.0,0.0,0.0,0.0,0.0,0.0,0.0,0,0,6000,0.0,0
378,0,0,4,68000,68000,68000,0,0,1.0,1.0,1.0,0.0,0.0,0.0,0.0,0,0,0,0.0,0.0,0.0,0.0,0.0,0.0,0.0,0.0,0.0,0.0,0.0,0.0,0,0,6000,0.0,0
379,0,0,4,68000,68000,68000,0,0,1.0,1.0,1.0,0.0,0.0,0.0,0.0,0,0,0,0.0,0.0,0.0,0.0,0.0,0.0,0.0,0.0,0.0,0.0,0.0,0.0,0,0,6000,0.0,0
380,0,0,4,68000,68000,68000,0,0,1.0,1.0,1.0,0.0,0.0,0.0,0.0,0,0,0,0.0,0.0,0.0,0.0,0.0,0.0,0.0,0.0,0.0,0.0,0.0,0.0,0,0,6000,0.0,0
381,0,0,4,68000,68000,68000,0,0,1.0,1.0,1.0,0.0,0.0,0.0,0.0,0,0,0,0.0,0.0,0.0,0.0,0.0,0.0,0.0,0.0,0.0,0.0,0.0,0.0,0,0,6000,0.0,0
382,0,0,4,68000,68000,68000,0,0,1.0,1.0,1.0,0.0,0.0,0.0,0.0,0,0,0,0.0,0.0,0.0,0.0,0.0,0.0,0.0,0.0,0.0,0.0,0.0,0.0,0,0,6000,0.0,0
383,0,0,4,68000,68000,68000,0,0,1.0,1.0,1.0,0.0,0.0,0.0,0.0,0,0,0,0.0,0.0,0.0,0.0,0.0,0.0,0.0,0.0,0.0,0.0,0.0,0.0,0,0,6000,0.0,0
384,0,0,4,68000,68000,68000,0,0,1.0,1.0,1.0,0.0,0.0,0.0,0.0,0,0,0,0.0,0.0,0.0,0.0,0.0,0.0,0.0,0.0,0.0,0.0,0.0,0.0,0,0,6000,0.0,0
385,0,0,4,68000,68000,68000,0,0,1.0,1.0,1.0,0.0,0.0,0.0,0.0,0,0,0,0.0,0.0,0.0,0.0,0.0,0.0,0.0,0.0,0.0,0.0,0.0,0.0,0,0,6000,0.0,0
386,0,0,4,68000,68000,68000,0,0,1.0,1.0,1.0,0.0,0.0,0.0,0.0,0,0,0,0.0,0.0,0.0,0.0,0.0,0.0,0.0,0.0,0.0,0.0,0.0,0.0,0,0,6000,0.0,0
387,0,0,4,68000,68000,68000,0,0,1.0,1.0,1.0,0.0,0.0,0.0,0.0,0,0,0,0.0,0.0,0.0,0.0,0.0,0.0,0.0,0.0,0.0,0.0,0.0,0.0,0,0,6000,0.0,0
388,0,0,4,68000,68000,68000,0,0,1.0,1.0,1.0,0.0,0.0,0.0,0.0,0,0,0,0.0,0.0,0.0,0.0,0.0,0.0,0.0,0.0,0.0,0.0,0.0,0.0,0,0,6000,0.0,0
389,0,0,4,68000,68000,68000,0,0,1.0,1.0,1.0,0.0,0.0,0.0,0.0,0,0,0,0.0,0.0,0.0,0.0,0.0,0.0,0.0,0.0,0.0,0.0,0.0,0.0,0,0,6000,0.0,0
390,0,0,4,68000,68000,68000,0,0,1.0,1.0,1.0,0.0,0.0,0.0,0.0,0,0,0,0.0,0.0,0.0,0.0,0.0,0.0,0.0,0.0,0.0,0.0,0.0,0.0,0,0,6000,0.0,0
391,0,0,4,68000,68000,68000,0,0,1.0,1.0,1.0,0.0,0.0,0.0,0.0,0,0,0,0.0,0.0,0.0,0.0,0.0,0.0,0.0,0.0,0.0,0.0,0.0,0.0,0,0,6000,0.0,0
392,0,0,4,68000,68000,68000,0,0,1.0,1.0,1.0,0.0,0.0,0.0,0.0,0,0,0,0.0,0.0,0.0,0.0,0.0,0.0,0.0,0.0,0.0,0.0,0.0,0.0,0,0,6000,0.0,0
393,0,0,4,68000,68000,68000,0,0,1.0,1.0,1.0,0.0,0.0,0.0,0.0,0,0,0,0.0,0.0,0.0,0.0,0.0,0.0,0.0,0.0,0.0,0.0,0.0,0.0,0,0,6000,0.0,0
394,0,0,4,68000,68000,68000,0,0,1.0,1.0,1.0,0.0,0.0,0.0,0.0,0,0,0,0.0,0.0,0.0,0.0,0.0,0.0,0.0,0.0,0.0,0.0,0.0,0.0,0,0,6000,0.0,0
395,0,0,4,68000,68000,68000,0,0,1.0,1.0,1.0,0.0,0.0,0.0,0.0,0,0,0,0.0,0.0,0.0,0.0,0.0,0.0,0.0,0.0,0.0,0.0,0.0,0.0,0,0,6000,0.0,0
396,0,0,4,68000,68000,68000,0,0,1.0,1.0,1.0,0.0,0.0,0.0,0.0,0,0,0,0.0,0.0,0.0,0.0,0.0,0.0,0.0,0.0,0.0,0.0,0.0,0.0,0,0,6000,0.0,0
397,0,0,4,68000,68000,68000,0,0,1.0,1.0,1.0,0.0,0.0,0.0,0.0,0,0,0,0.0,0.0,0.0,0.0,0.0,0.0,0.0,0.0,0.0,0.0,0.0,0.0,0,0,6000,0.0,0
398,0,0,4,68000,68000,68000,0,0,1.0,1.0,1.0,0.0,0.0,0.0,0.0,0,0,0,0.0,0.0,0.0,0.0,0.0,0.0,0.0,0.0,0.0,0.0,0.0,0.0,0,0,6000,0.0,0
399,0,0,4,68000,68000,68000,0,0,1.0,1.0,1.0,0.0,0.0,0.0,0.0,0,0,0,0.0,0.0,0.0,0.0,0.0,0.0,0.0,0.0,0.0,0.0,0.0,0.0,0,0,6000,0.0,0
400,0,0,4,68000,68000,68000,0,0,1.0,1.0,1.0,0.0,0.0,0.0,0.0,0,0,0,0.0,0.0,0.0,0.0,0.0,0.0,0.0,0.0,0.0,0.0,0.0,0.0,0,0,6000,0.0,0
401,0,0,4,68000,68000,68000,0,0,1.0,1.0,1.0,0.0,0.0,0.0,0.0,0,0,0,0.0,0.0,0.0,0.0,0.0,0.0,0.0,0.0,0.0,0.0,0.0,0.0,0,0,6000,0.0,0
402,0,0,4,68000,68000,68000,0,0,1.0,1.0,1.0,0.0,0.0,0.0,0.0,0,0,0,0.0,0.0,0.0,0.0,0.0,0.0,0.0,0.0,0.0,0.0,0.0,0.0,0,0,6000,0.0,0
403,0,0,4,68000,68000,68000,0,0,1.0,1.0,1.0,0.0,0.0,0.0,0.0,0,0,0,0.0,0.0,0.0,0.0,0.0,0.0,0.0,0.0,0.0,0.0,0.0,0.0,0,0,6000,0.0,0
404,0,0,4,68000,68000,68000,0,0,1.0,1.0,1.0,0.0,0.0,0.0,0.0,0,0,0,0.0,0.0,0.0,0.0,0.0,0.0,0.0,0.0,0.0,0.0,0.0,0.0,0,0,6000,0.0,0
405,0,0,4,68000,68000,68000,0,0,1.0,1.0,1.0,0.0,0.0,0.0,0.0,0,0,0,0.0,0.0,0.0,0.0,0.0,0.0,0.0,0.0,0.0,0.0,0.0,0.0,0,0,6000,0.0,0
406,0,0,4,68000,68000,68000,0,0,1.0,1.0,1.0,0.0,0.0,0.0,0.0,0,0,0,0.0,0.0,0.0,0.0,0.0,0.0,0.0,0.0,0.0,0.0,0.0,0.0,0,0,6000,0.0,0
407,0,0,4,68000,68000,68000,0,0,1.0,1.0,1.0,0.0,0.0,0.0,0.0,0,0,0,0.0,0.0,0.0,0.0,0.0,0.0,0.0,0.0,0.0,0.0,0.0,0.0,0,0,6000,0.0,0
408,0,0,4,68000,68000,68000,0,0,1.0,1.0,1.0,0.0,0.0,0.0,0.0,0,0,0,0.0,0.0,0.0,0.0,0.0,0.0,0.0,0.0,0.0,0.0,0.0,0.0,0,0,6000,0.0,0
409,0,0,4,68000,68000,68000,0,0,1.0,1.0,1.0,0.0,0.0,0.0,0.0,0,0,0,0.0,0.0,0.0,0.0,0.0,0.0,0.0,0.0,0.0,0.0,0.0,0.0,0,0,6000,0.0,0
410,0,0,4,68000,68000,68000,0,0,1.0,1.0,1.0,0.0,0.0,0.0,0.0,0,0,0,0.0,0.0,0.0,0.0,0.0,0.0,0.0,0.0,0.0,0.0,0.0,0.0,0,0,6000,0.0,0
411,0,0,4,68000,68000,68000,0,0,1.0,1.0,1.0,0.0,0.0,0.0,0.0,0,0,0,0.0,0.0,0.0,0.0,0.0,0.0,0.0,0.0,0.0,0.0,0.0,0.0,0,0,6000,0.0,0
412,0,0,4,68000,68000,68000,0,0,1.0,1.0,1.0,0.0,0.0,0.0,0.0,0,0,0,0.0,0.0,0.0,0.0,0.0,0.0,0.0,0.0,0.0,0.0,0.0,0.0,0,0,6000,0.0,0
413,0,0,4,68000,68000,68000,0,0,1.0,1.0,1.0,0.0,0.0,0.0,0.0,0,0,0,0.0,0.0,0.0,0.0,0.0,0.0,0.0,0.0,0.0,0.0,0.0,0.0,0,0,6000,0.0,0
414,0,0,4,68000,68000,68000,0,0,1.0,1.0,1.0,0.0,0.0,0.0,0.0,0,0,0,0.0,0.0,0.0,0.0,0.0,0.0,0.0,0.0,0.0,0.0,0.0,0.0,0,0,6000,0.0,0
415,0,0,4,68000,68000,68000,0,0,1.0,1.0,1.0,0.0,0.0,0.0,0.0,0,0,0,0.0,0.0,0.0,0.0,0.0,0.0,0.0,0.0,0.0,0.0,0.0,0.0,0,0,6000,0.0,0
416,0,0,4,68000,68000,68000,0,0,1.0,1.0,1.0,0.0,0.0,0.0,0.0,0,0,0,0.0,0.0,0.0,0.0,0.0,0.0,0.0,0.0,0.0,0.0,0.0,0.0,0,0,6000,0.0,0
417,0,0,4,68000,68000,68000,0,0,1.0,1.0,1.0,0.0,0.0,0.0,0.0,0,0,0,0.0,0.0,0.0,0.0,0.0,0.0,0.0,0.0,0.0,0.0,0.0,0.0,0,0,6000,0.0,0
418,0,0,4,68000,68000,68000,0,0,1.0,1.0,1.0,0.0,0.0,0.0,0.0,0,0,0,0.0,0.0,0.0,0.0,0.0,0.0,0.0,0.0,0.0,0.0,0.0,0.0,0,0,6000,0.0,0
419,0,0,4,68000,68000,68000,0,0,1.0,1.0,1.0,0.0,0.0,0.0,0.0,0,0,0,0.0,0.0,0.0,0.0,0.0,0.0,0.0,0.0,0.0,0.0,0.0,0.0,0,0,6000,0.0,0
420,0,0,4,68000,68000,68000,0,0,1.0,1.0,1.0,0.0,0.0,0.0,0.0,0,0,0,0.0,0.0,0.0,0.0,0.0,0.0,0.0,0.0,0.0,0.0,0.0,0.0,0,0,6000,0.0,0
421,0,0,4,68000,68000,68000,0,0,1.0,1.0,1.0,0.0,0.0,0.0,0.0,0,0,0,0.0,0.0,0.0,0.0,0.0,0.0,0.0,0.0,0.0,0.0,0.0,0.0,0,0,6000,0.0,0
422,0,0,4,68000,68000,68000,0,0,1.0,1.0,1.0,0.0,0.0,0.0,0.0,0,0,0,0.0,0.0,0.0,0.0,0.0,0.0,0.0,0.0,0.0,0.0,0.0,0.0,0,0,6000,0.0,0
423,0,0,4,68000,68000,68000,0,0,1.0,1.0,1.0,0.0,0.0,0.0,0.0,0,0,0,0.0,0.0,0.0,0.0,0.0,0.0,0.0,0.0,0.0,0.0,0.0,0.0,0,0,6000,0.0,0
424,0,0,4,68000,68000,68000,0,0,1.0,1.0,1.0,0.0,0.0,0.0,0.0,0,0,0,0.0,0.0,0.0,0.0,0.0,0.0,0.0,0.0,0.0,0.0,0.0,0.0,0,0,6000,0.0,0
425,0,0,4,68000,68000,68000,0,0,1.0,1.0,1.0,0.0,0.0,0.0,0.0,0,0,0,0.0,0.0,0.0,0.0,0.0,0.0,0.0,0.0,0.0,0.0,0.0,0.0,0,0,6000,0.0,0
426,0,0,4,68000,68000,68000,0,0,1.0,1.0,1.0,0.0,0.0,0.0,0.0,0,0,0,0.0,0.0,0.0,0.0,0.0,0.0,0.0,0.0,0.0,0.0,0.0,0.0,0,0,6000,0.0,0
427,0,0,4,68000,68000,68000,0,0,1.0,1.0,1.0,0.0,0.0,0.0,0.0,0,0,0,0.0,0.0,0.0,0.0,0.0,0.0,0.0,0.0,0.0,0.0,0.0,0.0,0,0,6000,0.0,0
428,0,0,4,68000,68000,68000,0,0,1.0,1.0,1.0,0.0,0.0,0.0,0.0,0,0,0,0.0,0.0,0.0,0.0,0.0,0.0,0.0,0.0,0.0,0.0,0.0,0.0,0,0,6000,0.0,0
429,0,0,4,68000,68000,68000,0,0,1.0,1.0,1.0,0.0,0.0,0.0,0.0,0,0,0,0.0,0.0,0.0,0.0,0.0,0.0,0.0,0.0,0.0,0.0,0.0,0.0,0,0,6000,0.0,0
430,0,0,4,68000,68000,68000,0,0,1.0,1.0,1.0,0.0,0.0,0.0,0.0,0,0,0,0.0,0.0,0.0,0.0,0.0,0.0,0.0,0.0,0.0,0.0,0.0,0.0,0,0,6000,0.0,0
431,0,0,4,68000,68000,68000,0,0,1.0,1.0,1.0,0.0,0.0,0.0,0.0,0,0,0,0.0,0.0,0.0,0.0,0.0,0.0,0.0,0.0,0.0,0.0,0.0,0.0,0,0,6000,0.0,0
432,0,0,4,68000,68000,68000,0,0,1.0,1.0,1.0,0.0,0.0,0.0,0.0,0,0,0,0.0,0.0,0.0,0.0,0.0,0.0,0.0,0.0,0.0,0.0,0.0,0.0,0,0,6000,0.0,0
433,0,0,4,68000,68000,68000,0,0,1.0,1.0,1.0,0.0,0.0,0.0,0.0,0,0,0,0.0,0.0,0.0,0.0,0.0,0.0,0.0,0.0,0.0,0.0,0.0,0.0,0,0,6000,0.0,0
434,0,0,4,68000,68000,68000,0,0,1.0,1.0,1.0,0.0,0.0,0.0,0.0,0,0,0,0.0,0.0,0.0,0.0,0.0,0.0,0.0,0.0,0.0,0.0,0.0,0.0,0,0,6000,0.0,0
435,0,0,4,68000,68000,68000,0,0,1.0,1.0,1.0,0.0,0.0,0.0,0.0,0,0,0,0.0,0.0,0.0,0.0,0.0,0.0,0.0,0.0,0.0,0.0,0.0,0.0,0,0,6000,,0
436,0,0,4,68000,68000,68000,0,0,1.0,1.0,1.0,0.0,0.0,0.0,0.0,0,0,0,0.0,0.0,0.0,0.0,0.0,0.0,0.0,0.0,0.0,0.0,0.0,0.0,0,0,6000,,0
437,0,0,4,68000,68000,68000,0,0,1.0,1.0,1.0,0.0,0.0,0.0,0.0,0,0,0,0.0,0.0,0.0,0.0,0.0,0.0,0.0,0.0,0.0,0.0,0.0,0.0,0,0,6000,,0
438,0,0,4,68000,68000,68000,0,0,1.0,1.0,1.0,0.0,0.0,0.0,0.0,0,0,0,0.0,0.0,0.0,0.0,0.0,0.0,0.0,0.0,0.0,0.0,0.0,0.0,0,0,6000,,0
439,0,0,4,68000,68000,68000,0,0,1.0,1.0,1.0,0.0,0.0,0.0,0.0,0,0,0,0.0,0.0,0.0,0.0,0.0,0.0,0.0,0.0,0.0,0.0,0.0,0.0,0,0,6000,,0
440,0,0,4,68000,68000,68000,0,0,1.0,1.0,1.0,0.0,0.0,0.0,0.0,0,0,0,0.0,0.0,0.0,0.0,0.0,0.0,0.0,0.0,0.0,0.0,0.0,0.0,0,0,6000,,0
441,0,0,4,68000,68000,68000,0,0,1.0,1.0,1.0,0.0,0.0,0.0,0.0,0,0,0,0.0,0.0,0.0,0.0,0.0,0.0,0.0,0.0,0.0,0.0,0.0,0.0,0,0,6000,,0
442,0,0,4,68000,68000,68000,0,0,1.0,1.0,1.0,0.0,0.0,0.0,0.0,0,0,0,0.0,0.0,0.0,0.0,0.0,0.0,0.0,0.0,0.0,0.0,0.0,0.0,0,0,6000,,0
443,0,0,4,68000,68000,68000,0,0,1.0,1.0,1.0,0.0,0.0,0.0,0.0,0,0,0,0.0,0.0,0.0,0.0,0.0,0.0,0.0,0.0,0.0,0.0,0.0,0.0,0,0,6000,,0
444,0,0,4,68000,68000,68000,0,0,1.0,1.0,1.0,0.0,0.0,0.0,0.0,0,0,0,0.0,0.0,0.0,0.0,0.0,0.0,0.0,0.0,0.0,0.0,0.0,0.0,0,0,6000,,0
445,0,0,4,68000,68000,68000,0,0,1.0,1.0,1.0,0.0,0.0,0.0,0.0,0,0,0,0.0,0.0,0.0,0.0,0.0,0.0,0.0,0.0,0.0,0.0,0.0,0.0,0,0,6000,,0
446,0,0,4,68000,68000,68000,0,0,1.0,1.0,1.0,0.0,0.0,0.0,0.0,0,0,0,0.0,0.0,0.0,0.0,0.0,0.0,0.0,0.0,0.0,0.0,0.0,0.0,0,0,6000,,0
447,0,0,4,68000,68000,68000,0,0,1.0,1.0,1.0,0.0,0.0,0.0,0.0,0,0,0,0.0,0.0,0.0,0.0,0.0,0.0,0.0,0.0,0.0,0.0,0.0,0.0,0,0,6000,,0
448,0,0,4,68000,68000,68000,0,0,1.0,1.0,1.0,0.0,0.0,0.0,0.0,0,0,0,0.0,0.0,0.0,0.0,0.0,0.0,0.0,0.0,0.0,0.0,0.0,0.0,0,0,6000,,0
449,0,0,4,68000,68000,68000,0,0,1.0,1.0,1.0,0.0,0.0,0.0,0.0,0,0,0,0.0,0.0,0.0,0.0,0.0,0.0,0.0,0.0,0.0,0.0,0.0,0.0,0,0,6000,,0
