time,time_to_kickoff,is_pre_match,time_phase,fans_arrived,fans_completed,fans_exited,fans_in_stadium,fans_in_system,fill_ratio,arrival_progress,exit_progress,arrival_rate,completion_rate,exit_rate,net_flow_rate,security_queue,turnstile_queue,vendor_queue,exit_queue,total_entry_queue,queue_delta,security_utilization,turnstile_utilization,vendor_utilization,exit_utilization,parking_utilization,avg_security_wait,max_security_wait,avg_turnstile_wait,max_turnstile_wait,avg_entry_wait,est_entry_wait,avg_vendor_wait,avg_exit_wait,max_exit_wait,arrival_rate_lag1,arrival_rate_ma5,security_in_use,turnstiles_in_use,vendors_in_use,exits_in_use,parking_free,active_security,active_turnstiles,active_vendors,active_exit_gates
1,179,1,0,185,0,0,0,185,0.0,0.0027,0.0,185.0,0.0,0.0,185.0,0,0,0,0,0,0,0.0,0.0,0.0,0.0,0.0308,0.0,0,0.0,0,0.0,0.0,0.0,0.0,0,0,185.0,0,0,0,0,5815,60,60,40,40
2,178,1,0,345,0,0,0,345,0.0,0.0051,0.0,160.0,0.0,0.0,160.0,0,0,0,0,0,0,0.2,0.1167,0.0,0.0,0.0575,0.0,0.0,0.0,0.0,0.0,0.0,0.0,0.0,0,185.0,172.5,12,7,0,0,5655,60,60,40,40
3,177,1,0,578,10,0,10,578,0.0001,0.0085,0.0,233.0,10.0,0.0,233.0,0,0,0,0,0,0,0.2,0.1833,0.0,0.0,0.0963,0.0,0.0,0.0,0.0,0.0,0.0,0.0,0.0,0,160.0,192.67,12,11,0,0,5422,60,60,40,40
4,176,1,0,770,48,0,48,770,0.0007,0.0113,0.0,192.0,38.0,0.0,192.0,0,0,0,0,0,0,0.3167,0.2667,0.0,0.0,0.1283,0.0,0.0,0.0,0.0,0.0,0.0,0.0,0.0,0,233.0,192.5,19,16,0,0,5230,60,60,40,40
5,175,1,0,973,85,0,85,973,0.0013,0.0143,0.0,203.0,37.0,0.0,203.0,0,0,0,0,0,0,0.2,0.1333,0.0,0.0,0.1622,0.0,0.0,0.0,0.0,0.0,0.0,0.0,0.0,0,192.0,194.6,12,8,0,0,5027,60,60,40,40
6,174,1,0,1179,132,0,132,1179,0.0019,0.0173,0.0,206.0,47.0,0.0,206.0,0,0,0,0,0,0,0.2167,0.1833,0.0,0.0,0.1965,0.0,0.0,0.0,0.0,0.0,0.0,0.0,0.0,0,203.0,198.8,13,11,0,0,4821,60,60,40,40
7,173,1,0,1344,160,0,160,1344,0.0024,0.0198,0.0,165.0,28.0,0.0,165.0,0,0,0,0,0,0,0.4167,0.25,0.0,0.0,0.224,0.0,0.0,0.0,0.0,0.0,0.0,0.0,0.0,0,206.0,199.8,25,15,0,0,4656,60,60,40,40
8,172,1,0,1554,197,0,197,1554,0.0029,0.0229,0.0,210.0,37.0,0.0,210.0,0,0,0,0,0,0,0.2,0.25,0.0,0.0,0.259,0.0,0.0,0.0,0.0,0.0,0.0,0.0,0.0,0,165.0,195.2,12,15,0,0,4446,60,60,40,40
9,171,1,0,1739,227,0,227,1739,0.0033,0.0256,0.0,185.0,30.0,0.0,185.0,0,0,0,0,0,0,0.3,0.25,0.0,0.0,0.2898,0.0,0.0,0.0,0.0,0.0,0.0,0.0,0.0,0,210.0,193.8,18,15,0,0,4261,60,60,40,40
10,170,1,0,1946,267,0,267,1946,0.0039,0.0286,0.0,207.0,40.0,0.0,207.0,0,0,0,0,0,0,0.2,0.15,0.0,0.0,0.3243,0.0,0.0,0.0,0.0,0.0,0.0,0.0,0.0,0,185.0,194.6,12,9,0,0,4054,60,60,40,40
11,169,1,0,2173,302,0,302,2173,0.0044,0.032,0.0,227.0,35.0,0.0,227.0,0,0,0,0,0,0,0.3333,0.2167,0.0,0.0,0.3622,0.0,0.0,0.0,0.0,0.0,0.0,0.0,0.0,0,207.0,198.8,20,13,0,0,3827,60,60,40,40
12,168,1,0,2382,345,0,345,2382,0.0051,0.035,0.0,209.0,43.0,0.0,209.0,0,0,0,0,0,0,0.3667,0.1,0.0,0.0,0.397,0.0,0.0,0.0,0.0,0.0,0.0,0.0,0.0,0,227.0,207.6,22,6,0,0,3618,60,60,40,40
13,167,1,0,2585,394,0,394,2585,0.0058,0.038,0.0,203.0,49.0,0.0,203.0,0,0,0,0,0,0,0.3167,0.2667,0.0,0.0,0.4308,0.0,0.0,0.0,0.0,0.0,0.0,0.0,0.0,0,209.0,206.2,19,16,0,0,3415,60,60,40,40
14,166,1,0,2769,454,0,454,2769,0.0067,0.0407,0.0,184.0,60.0,0.0,184.0,0,0,0,0,0,0,0.2,0.2,0.0,0.0,0.4615,0.0,0.0,0.0,0.0,0.0,0.0,0.0,0.0,0,203.0,206.0,12,12,0,0,3231,60,60,40,40
15,165,1,0,2969,503,0,503,2969,0.0074,0.0437,0.0,200.0,49.0,0.0,200.0,0,0,0,0,0,0,0.3,0.1333,0.0,0.0,0.4948,0.0,0.0,0.0,0.0,0.0,0.0,0.0,0.0,0,184.0,204.6,18,8,0,0,3031,60,60,40,40
16,164,1,0,3177,582,0,582,3177,0.0086,0.0467,0.0,208.0,79.0,0.0,208.0,0,0,0,0,0,0,0.2833,0.2,0.0,0.0,0.5295,0.0,0.0,0.0,0.0,0.0,0.0,0.0,0.0,0,200.0,200.8,17,12,0,0,2823,60,60,40,40
17,163,1,0,3364,687,0,687,3364,0.0101,0.0495,0.0,187.0,105.0,0.0,187.0,0,0,0,0,0,0,0.2167,0.3667,0.0,0.0,0.5607,0.0,0.0,0.0,0.0,0.0,0.0,0.0,0.0,0,208.0,196.4,13,22,0,0,2636,60,60,40,40
18,162,1,0,3563,801,0,801,3563,0.0118,0.0524,0.0,199.0,114.0,0.0,199.0,0,0,0,0,0,0,0.75,0.45,0.0,0.0,0.5798,0.0,0.0,0.0,0.0,0.0,0.0,0.0,0.0,0,187.0,195.6,45,27,0,0,2521,60,60,40,40
19,161,1,0,3751,924,0,924,3751,0.0136,0.0552,0.0,188.0,123.0,0.0,188.0,0,0,0,0,0,0,0.1667,0.35,0.0,0.0,0.5958,0.0,0.0,0.0,0.0,0.0,0.0,0.0,0.0,0,199.0,196.4,10,21,0,0,2425,60,60,40,40
20,160,1,0,3901,1061,0,1061,3901,0.0156,0.0574,0.0,150.0,137.0,0.0,150.0,0,0,0,0,0,0,0.1167,0.25,0.075,0.0,0.6068,0.0,0.0,0.0,0.0,0.0,0.0,0.0,0.0,0,188.0,186.4,7,15,3,0,2359,60,60,40,40
21,159,1,0,4110,1198,0,1198,4110,0.0176,0.0604,0.0,209.0,137.0,0.0,209.0,0,0,0,0,0,0,0.3333,0.2667,0.5,0.0,0.6247,0.0,0.0,0.0,0.0,0.0,0.0,0.0,0.0,0,150.0,186.6,20,16,20,0,2252,60,60,40,40
22,158,1,0,4280,1351,0,1351,4280,0.0199,0.0629,0.0,170.0,153.0,0.0,170.0,0,0,0,0,0,0,0.2833,0.4167,0.65,0.0,0.6377,0.0,0.0,0.0,0.0,0.0,0.0,0.0,0.0,0,209.0,183.2,17,25,26,0,2174,60,60,40,40
23,157,1,0,4458,1553,0,1553,4458,0.0228,0.0656,0.0,178.0,202.0,0.0,178.0,0,0,0,0,0,0,0.3333,0.35,0.975,0.0,0.6543,0.0,0.0,0.0,0.0,0.0,0.0,0.0,0.0,0,170.0,179.0,20,21,39,0,2074,60,60,40,40
24,156,1,0,4696,1766,0,1766,4696,0.026,0.0691,0.0,238.0,213.0,0.0,238.0,0,0,22,0,0,0,0.5,0.6,1.0,0.0,0.6753,0.0,0.0,0.0,0.0,0.0,0.0,0.13,0.0,0,178.0,189.0,30,36,40,0,1948,60,60,40,40
25,155,1,0,4888,2013,0,2013,4888,0.0296,0.0719,0.0,192.0,247.0,0.0,192.0,0,0,35,0,0,0,0.45,0.8167,1.0,0.0,0.6893,0.0,0.0,0.0,0.0,0.0,0.0,0.611,0.0,0,238.0,197.4,27,49,40,0,1864,60,60,40,40
26,154,1,0,5077,2258,0,2258,5077,0.0332,0.0747,0.0,189.0,245.0,0.0,189.0,0,0,74,0,0,0,0.5333,0.3833,1.0,0.0,0.7052,0.0,0.0,0.0,0.0,0.0,0.0,1.14,0.0,0,192.0,193.4,32,23,40,0,1769,60,60,40,40
27,153,1,0,5223,2506,0,2506,5223,0.0369,0.0768,0.0,146.0,248.0,0.0,146.0,0,0,107,0,0,0,0.4333,0.4833,1.0,0.0,0.7133,0.0,0.0,0.0,0.0,0.0,0.0,1.465,0.0,0,189.0,188.6,26,29,40,0,1720,60,60,40,40
28,152,1,0,5377,2778,0,2778,5377,0.0409,0.0791,0.0,154.0,272.0,0.0,154.0,0,0,170,0,0,0,0.3833,0.5333,1.0,0.0,0.7257,0.0,0.0,0.0,0.0,0.0,0.0,2.228,0.0,0,146.0,183.8,23,32,40,0,1646,60,60,40,40
29,151,1,0,5573,3063,0,3063,5573,0.045,0.082,0.0,196.0,285.0,0.0,196.0,0,0,225,0,0,0,0.35,0.4167,1.0,0.0,0.7445,0.0,0.0,0.0,0.0,0.0,0.0,2.672,0.0,0,154.0,175.4,21,25,40,0,1533,60,60,40,40
30,150,1,0,5803,3354,0,3354,5803,0.0493,0.0853,0.0,230.0,291.0,0.0,230.0,0,0,299,0,0,0,0.3333,0.4833,1.0,0.0,0.7642,0.0,0.0,0.0,0.002,0.0,0.0,3.239,0.0,0,196.0,183.0,20,29,40,0,1415,60,60,40,40
31,149,1,0,6112,3625,0,3625,6112,0.0533,0.0899,0.0,309.0,271.0,0.0,309.0,0,0,350,0,0,0,0.4333,0.55,1.0,0.0,0.7898,0.0,0.021,0.0,0.0,0.0,0.0,3.832,0.0,0,230.0,207.0,26,33,40,0,1261,60,60,40,40
32,148,1,0,6407,3883,0,3883,6407,0.0571,0.0942,0.0,295.0,258.0,0.0,295.0,0,0,410,0,0,0,0.5333,0.6,1.0,0.0,0.8107,0.0,0.0,0.0,0.0,0.0,0.0,4.526,0.0,0,309.0,236.8,32,36,40,0,1136,60,60,40,40
33,147,1,0,6723,4115,0,4115,6723,0.0605,0.0989,0.0,316.0,232.0,0.0,316.0,0,0,470,0,0,0,0.4833,0.85,1.0,0.0,0.836,0.0,0.011,0.0,0.0,0.0,0.0,5.208,0.0,0,295.0,269.2,29,51,40,0,984,60,60,40,40
34,146,1,0,7020,4327,0,4327,7020,0.0636,0.1032,0.0,297.0,212.0,0.0,297.0,0,0,533,0,0,0,0.5333,0.6833,1.0,0.0,0.8573,0.002,0.03,0.005,0.031,0.007,0.0,5.971,0.0,0,316.0,289.4,32,41,40,0,856,60,60,40,40
35,145,1,0,7359,4562,0,4562,7359,0.0671,0.1082,0.0,339.0,235.0,0.0,339.0,0,0,592,0,0,0,0.5,0.9333,1.0,0.0,0.8852,0.0,0.011,0.004,0.029,0.005,0.0,6.672,0.0,0,297.0,311.2,30,56,40,0,689,60,60,40,40
36,144,1,0,7658,4800,0,4800,7658,0.0706,0.1126,0.0,299.0,238.0,0.0,299.0,0,0,662,0,0,0,0.65,0.7833,1.0,0.0,0.907,0.0,0.017,0.0,0.012,0.001,0.0,7.418,0.0,0,339.0,309.2,39,47,40,0,558,60,60,40,40
37,143,1,0,7983,5037,0,5037,7983,0.0741,0.1174,0.0,325.0,237.0,0.0,325.0,0,4,756,0,4,4,0.65,1.0,1.0,0.0,0.9333,0.005,0.05,0.01,0.044,0.015,0.007,8.259,0.0,0,299.0,315.2,39,60,40,0,400,60,60,40,40
38,142,1,0,8262,5262,0,5262,8262,0.0774,0.1215,0.0,279.0,225.0,0.0,279.0,0,0,862,0,0,-4,0.6667,0.95,1.0,0.0,0.9553,0.001,0.025,0.002,0.032,0.003,0.0,8.92,0.0,0,325.0,307.8,40,57,40,0,268,60,60,40,40
39,141,1,0,8597,5453,0,5453,8597,0.0802,0.1264,0.0,335.0,191.0,0.0,335.0,0,26,942,0,26,26,0.4667,1.0,1.0,0.0,0.9822,0.004,0.05,0.024,0.099,0.028,0.043,9.654,0.0,0,279.0,315.4,28,60,40,0,107,60,60,40,40
40,140,1,0,8971,5631,0,5631,8971,0.0828,0.1319,0.0,374.0,178.0,0.0,374.0,53,36,1024,0,89,63,1.0,1.0,1.0,0.0,1.0,0.042,0.199,0.028,0.108,0.069,0.078,10.394,0.0,0,335.0,322.4,60,60,40,0,0,60,60,40,40
41,139,1,0,9307,5822,0,5822,9307,0.0856,0.1369,0.0,336.0,191.0,0.0,336.0,144,127,1143,0,271,182,1.0,1.0,1.0,0.0,1.0,0.238,0.385,0.209,0.321,0.447,0.26,11.343,0.0,0,374.0,329.8,60,60,40,0,0,60,60,40,40
42,138,1,0,9669,6000,0,6000,9669,0.0882,0.1422,0.0,362.0,178.0,0.0,362.0,266,179,1257,0,445,174,1.0,1.0,1.0,0.0,1.0,0.466,0.594,0.407,0.453,0.873,0.387,11.996,0.0,0,336.0,337.2,60,60,40,0,0,60,60,40,40
43,137,1,0,9969,6218,0,6218,9969,0.0914,0.1466,0.0,300.0,218.0,0.0,300.0,329,268,1348,0,597,152,1.0,1.0,1.0,0.0,1.0,0.648,0.748,0.566,0.692,1.214,0.556,12.749,0.0,0,362.0,341.4,60,60,40,0,0,60,60,40,40
44,136,1,0,10207,6404,0,6404,10207,0.0942,0.1501,0.0,238.0,186.0,0.0,238.0,272,341,1470,0,613,16,1.0,1.0,1.0,0.0,1.0,0.826,0.96,0.785,0.879,1.61,0.659,13.432,0.0,0,300.0,322.0,60,60,40,0,0,60,60,40,40
45,135,1,0,10538,6598,0,6598,10538,0.097,0.155,0.0,331.0,194.0,0.0,331.0,257,429,1601,0,686,73,1.0,1.0,1.0,0.0,1.0,0.751,0.933,0.998,1.101,1.749,0.801,14.201,0.0,0,238.0,313.4,60,60,40,0,0,60,60,40,40
46,134,1,0,10844,6779,0,6779,10844,0.0997,0.1595,0.0,306.0,181.0,0.0,306.0,207,524,1729,0,731,45,1.0,1.0,1.0,0.0,1.0,0.742,0.843,1.249,1.36,1.991,0.942,14.883,0.0,0,331.0,307.4,60,60,40,0,0,60,60,40,40
47,133,1,0,11165,6970,0,6970,11165,0.1025,0.1642,0.0,321.0,191.0,0.0,321.0,160,578,1858,0,738,7,1.0,1.0,1.0,0.0,1.0,0.647,0.742,1.477,1.54,2.124,1.017,15.613,0.0,0,306.0,299.2,60,60,40,0,0,60,60,40,40
48,132,1,0,11452,7155,0,7155,11452,0.1052,0.1684,0.0,287.0,185.0,0.0,287.0,57,671,1995,0,728,-10,1.0,1.0,1.0,0.0,1.0,0.433,0.591,1.664,1.762,2.097,1.137,16.362,0.0,0,321.0,296.6,60,60,40,0,0,60,60,40,40
49,131,1,0,11743,7338,0,7338,11743,0.1079,0.1727,0.0,291.0,183.0,0.0,291.0,0,770,2121,0,770,42,0.5167,1.0,1.0,0.0,1.0,0.181,0.306,1.872,1.999,2.053,1.283,17.109,0.0,0,287.0,307.2,31,60,40,0,0,60,60,40,40
50,130,1,0,12100,7527,0,7527,12100,0.1107,0.1779,0.0,357.0,189.0,0.0,357.0,0,794,2236,0,794,24,0.4167,1.0,1.0,0.0,1.0,0.058,0.187,2.094,2.137,2.152,1.323,17.83,0.0,0,291.0,312.4,25,60,40,0,0,60,60,40,40
51,129,1,0,12428,7700,0,7700,12428,0.1132,0.1828,0.0,328.0,173.0,0.0,328.0,0,729,2351,0,729,-65,0.6333,1.0,1.0,0.0,1.0,0.016,0.113,2.15,2.178,2.167,1.215,18.511,0.0,0,357.0,316.8,38,60,40,0,0,60,60,40,40
52,128,1,0,12728,7859,0,7859,12728,0.1156,0.1872,0.0,300.0,159.0,0.0,300.0,0,722,2469,0,722,-7,0.6667,1.0,1.0,0.0,1.0,0.007,0.058,2.207,2.307,2.214,1.203,19.212,0.0,0,328.0,312.6,40,60,40,0,0,60,60,40,40
53,127,1,0,13062,8038,0,8038,13062,0.1182,0.1921,0.0,334.0,179.0,0.0,334.0,12,678,2605,0,690,-32,1.0,1.0,1.0,0.0,1.0,0.015,0.094,2.271,2.366,2.286,1.134,19.971,0.0,0,300.0,322.0,60,60,40,0,0,60,60,40,40
54,126,1,0,13354,8218,0,8218,13354,0.1209,0.1964,0.0,292.0,180.0,0.0,292.0,0,683,2721,0,683,-7,0.45,1.0,1.0,0.0,1.0,0.023,0.135,2.154,2.247,2.177,1.138,20.685,0.0,0,334.0,322.2,27,60,40,0,0,60,60,40,40
55,125,1,0,13629,8418,0,8418,13629,0.1238,0.2004,0.0,275.0,200.0,0.0,275.0,0,626,2854,0,626,-57,0.4833,1.0,1.0,0.0,1.0,0.003,0.052,2.091,2.153,2.094,1.043,21.464,0.0,0,292.0,305.8,29,60,40,0,0,60,60,40,40
56,124,1,0,13965,8613,0,8613,13965,0.1267,0.2054,0.0,336.0,195.0,0.0,336.0,0,629,2992,0,629,3,0.5833,1.0,1.0,0.0,1.0,0.011,0.072,2.126,2.182,2.137,1.048,22.568,0.0,0,275.0,307.4,35,60,40,0,0,60,60,40,40
57,123,1,0,14255,8827,0,8827,14255,0.1298,0.2096,0.0,290.0,214.0,0.0,290.0,0,570,3123,0,570,-59,0.65,1.0,1.0,0.0,1.0,0.005,0.052,1.98,2.132,1.985,0.95,23.176,0.0,0,336.0,305.4,39,60,40,0,0,60,60,40,40
58,122,1,0,14641,9025,0,9025,14641,0.1327,0.2153,0.0,386.0,198.0,0.0,386.0,0,637,3240,0,637,67,0.9667,1.0,1.0,0.0,1.0,0.023,0.099,1.903,1.955,1.926,1.062,23.883,0.0,0,290.0,315.8,58,60,40,0,0,60,60,40,40
59,121,1,0,14971,9231,0,9231,14971,0.1358,0.2202,0.0,330.0,206.0,0.0,330.0,0,668,3371,0,668,31,0.5833,1.0,1.0,0.0,1.0,0.017,0.103,1.84,1.987,1.857,1.113,24.524,0.0,0,386.0,323.4,35,60,40,0,0,60,60,40,40
60,120,1,1,15273,9450,0,9450,15273,0.139,0.2246,0.0,302.0,219.0,0.0,302.0,0,662,0,0,662,-6,0.5333,1.0,0.0,0.0,1.0,0.002,0.039,1.926,2.01,1.928,1.103,25.338,0.0,0,330.0,328.8,32,60,0,0,0,60,60,35,40
61,119,1,1,16022,9652,0,9652,16022,0.1419,0.2356,0.0,749.0,202.0,0.0,749.0,336,768,99,0,1104,442,1.0,1.0,0.875,0.0,1.0,0.256,0.513,2.107,2.268,2.364,1.392,8.892,0.0,0,302.0,411.4,60,60,35,0,0,60,60,35,40
62,118,1,1,16527,9859,0,9859,16527,0.145,0.243,0.0,505.0,207.0,0.0,505.0,428,836,224,0,1264,160,1.0,1.0,0.875,0.0,1.0,0.751,0.998,2.196,2.306,2.946,1.536,16.845,0.0,0,749.0,454.4,60,60,35,0,0,60,60,35,40
63,117,1,1,17014,10091,0,10091,17014,0.1484,0.2502,0.0,487.0,232.0,0.0,487.0,526,895,338,0,1421,157,1.0,1.0,0.875,0.0,1.0,1.073,1.235,2.19,2.249,3.264,1.667,15.873,0.0,0,505.0,474.6,60,60,35,0,0,60,60,35,40
64,116,1,1,17561,10293,0,10293,17561,0.1514,0.2582,0.0,547.0,202.0,0.0,547.0,696,965,475,0,1661,240,1.0,1.0,0.875,0.0,1.0,1.242,1.468,2.338,2.462,3.58,1.84,14.976,0.0,0,487.0,518.0,60,60,35,0,0,60,60,35,40
65,115,1,1,18151,10503,0,10503,18151,0.1545,0.2669,0.0,590.0,210.0,0.0,590.0,877,1046,601,0,1923,262,1.0,1.0,0.875,0.0,1.0,1.48,1.697,2.565,2.669,4.045,2.036,18.613,0.0,0,547.0,575.6,60,60,35,0,0,60,60,35,40
66,114,1,1,18547,10716,0,10716,18547,0.1576,0.2727,0.0,396.0,213.0,0.0,396.0,0,1240,736,0,1240,-683,0.8167,1.0,0.875,0.0,1.0,1.187,1.809,2.744,2.837,3.931,2.067,19.262,0.0,0,590.0,505.0,49,60,35,0,0,57,60,35,40
67,113,1,1,19170,10941,0,10941,19170,0.1609,0.2819,0.0,623.0,225.0,0.0,623.0,234,1694,843,0,1928,688,0.95,1.0,0.875,0.0,1.0,1.091,2.199,2.916,2.99,4.006,2.901,17.407,0.0,0,396.0,528.6,57,60,35,0,0,57,60,35,40
68,112,1,1,19723,11141,0,11141,19723,0.1638,0.29,0.0,553.0,200.0,0.0,553.0,421,2114,967,0,2535,607,0.95,1.0,0.875,0.0,1.0,1.354,2.333,3.106,3.22,4.461,3.664,20.364,0.0,0,623.0,541.8,57,60,35,0,0,57,60,35,40
69,111,1,1,20197,11364,0,11364,20197,0.1671,0.297,0.0,474.0,223.0,0.0,474.0,530,2138,1091,0,2668,133,0.95,1.0,0.875,0.0,1.0,0.967,1.193,3.322,3.398,4.289,3.74,18.997,0.0,0,553.0,527.2,57,60,35,0,0,57,60,35,40
70,110,1,1,20791,11597,0,11597,20791,0.1705,0.3058,0.0,594.0,233.0,0.0,594.0,755,2178,1215,0,2933,265,0.95,1.0,0.875,0.0,1.0,1.269,1.399,3.673,3.926,4.943,3.882,22.649,0.0,0,474.0,528.0,57,60,35,0,0,57,60,35,40
71,109,1,1,21232,11838,0,11838,21232,0.1741,0.3122,0.0,441.0,241.0,0.0,441.0,824,2252,1340,0,3076,143,0.95,1.0,0.875,0.0,1.0,1.506,1.7,4.249,4.555,5.755,4.028,22.666,0.0,0,594.0,537.0,57,60,35,0,0,57,60,35,40
72,108,1,1,21707,12059,0,12059,21707,0.1773,0.3192,0.0,475.0,221.0,0.0,475.0,0,2337,0,0,2337,-739,0.0,1.0,0.0,0.0,1.0,1.906,2.112,4.841,5.146,6.746,3.895,23.217,0.0,0,441.0,507.4,0,60,0,0,0,60,60,40,40
73,107,1,1,22217,12287,0,12287,22217,0.1807,0.3267,0.0,510.0,228.0,0.0,510.0,118,2722,88,0,2840,503,1.0,1.0,1.0,0.0,1.0,1.103,2.299,5.461,5.743,6.563,4.576,9.984,0.0,0,475.0,498.8,60,60,40,0,0,60,60,40,40
74,106,1,1,22659,12506,0,12506,22659,0.1839,0.3332,0.0,442.0,219.0,0.0,442.0,0,3135,0,0,3135,295,0.0,1.0,0.0,0.0,1.0,1.339,2.526,6.033,6.283,7.371,5.225,18.209,0.0,0,510.0,492.4,0,60,0,0,0,63,60,45,40
75,105,1,1,23140,12728,0,12728,23140,0.1872,0.3403,0.0,481.0,222.0,0.0,481.0,55,3692,0,0,3747,612,1.05,1.0,0.0,0.0,1.0,0.729,2.625,6.581,6.772,7.31,6.172,10.408,0.0,0,442.0,469.8,63,60,0,0,0,63,60,40,40
76,104,1,1,23816,12985,0,12985,23816,0.191,0.3502,0.0,676.0,257.0,0.0,676.0,0,3791,0,0,3791,44,0.0,1.0,0.0,0.0,1.0,0.282,0.482,6.781,6.895,7.063,6.318,9.579,0.0,0,481.0,516.8,0,60,0,0,0,66,60,45,40
77,103,1,1,24393,13234,0,13234,24393,0.1946,0.3587,0.0,577.0,249.0,0.0,577.0,154,4175,94,0,4329,538,1.1,1.0,1.125,0.0,1.0,0.318,0.74,6.954,6.98,7.272,7.01,7.136,0.0,0,676.0,537.2,66,60,45,0,0,66,60,45,40
78,102,1,1,24928,13488,0,13488,24928,0.1984,0.3666,0.0,535.0,254.0,0.0,535.0,0,4289,0,0,4289,-40,0.0,1.0,0.0,0.0,1.0,0.297,0.409,7.021,7.114,7.318,7.148,13.343,0.0,0,577.0,542.2,0,60,0,0,0,71,60,55,40
79,101,1,1,25477,13745,0,13745,25477,0.2021,0.3747,0.0,549.0,257.0,0.0,549.0,127,4722,88,0,4849,560,1.0,1.0,1.375,0.0,1.0,0.206,0.577,7.268,7.46,7.473,7.912,6.711,0.0,0,535.0,563.6,60,60,55,0,0,60,60,55,40
80,100,1,1,26025,13993,0,13993,26025,0.2058,0.3827,0.0,548.0,248.0,0.0,548.0,0,4838,0,0,4838,-11,0.0,1.0,0.0,0.0,1.0,0.301,0.474,7.607,7.781,7.908,8.063,11.602,0.0,0,549.0,577.0,0,60,0,0,0,65,60,65,40
81,99,1,1,26618,14280,0,14280,26618,0.21,0.3914,0.0,593.0,287.0,0.0,593.0,184,5232,72,0,5416,578,1.0833,1.0,1.625,0.0,1.0,0.293,0.741,8.085,8.415,8.379,8.781,6.924,0.0,0,548.0,560.4,65,60,65,0,0,65,60,65,40
82,98,1,1,27153,14620,0,14620,27153,0.215,0.3993,0.0,535.0,340.0,0.0,535.0,0,5370,0,0,5370,-46,0.0,1.0,0.0,0.0,1.0,0.395,0.553,8.695,8.987,9.09,8.95,11.334,0.0,0,593.0,552.0,0,60,0,0,0,70,60,75,40
83,97,1,1,27657,14957,0,14957,27657,0.22,0.4067,0.0,504.0,337.0,0.0,504.0,71,5839,37,0,5910,540,1.1667,1.0,1.875,0.0,1.0,0.254,0.693,9.337,9.672,9.591,9.755,7.26,0.0,0,535.0,545.8,70,60,75,0,0,70,60,75,40
84,96,1,1,28214,15282,0,15282,28214,0.2247,0.4149,0.0,557.0,325.0,0.0,557.0,0,6077,0,0,6077,167,0.0,1.0,0.0,0.0,1.0,0.231,0.38,10.041,10.373,10.272,10.128,10.671,0.0,0,504.0,547.4,0,60,0,0,0,75,60,85,40
85,95,1,1,28762,15619,0,15619,28762,0.2297,0.423,0.0,548.0,337.0,0.0,548.0,114,6416,32,0,6530,453,1.25,1.0,2.125,0.0,1.0,0.125,0.415,10.654,11.012,10.779,10.731,6.993,0.0,0,557.0,547.4,75,60,85,0,0,75,60,85,40
86,94,1,1,29240,15942,0,15942,29240,0.2344,0.43,0.0,478.0,323.0,0.0,478.0,0,6725,0,0,6725,195,0.0,1.0,0.0,0.0,1.0,0.197,0.297,11.437,11.83,11.635,11.208,9.682,0.0,0,548.0,524.4,0,60,0,0,0,80,60,95,40
87,93,1,1,29762,16319,0,16319,29762,0.24,0.4377,0.0,522.0,377.0,0.0,522.0,38,7093,0,0,7131,406,1.3333,1.0,2.3,0.0,1.0,0.042,0.227,12.245,12.661,12.287,11.834,6.523,0.0,0,478.0,521.8,80,60,92,0,0,80,60,95,40
88,92,1,1,30263,16693,0,16693,30263,0.2455,0.445,0.0,501.0,374.0,0.0,501.0,48,7385,0,0,7433,302,1.3333,1.0,0.0,0.0,1.0,0.066,0.192,13.056,13.486,13.122,12.324,13.034,0.0,0,522.0,521.2,80,60,0,0,0,80,60,105,40
89,91,1,1,30776,17057,0,17057,30776,0.2508,0.4526,0.0,513.0,364.0,0.0,513.0,45,7726,0,0,7771,338,1.3333,1.0,2.225,0.0,1.0,0.078,0.17,13.814,14.222,13.892,12.892,8.821,0.0,0,501.0,512.4,80,60,89,0,0,80,60,105,40
90,90,1,1,31215,17410,0,17410,31215,0.256,0.459,0.0,439.0,353.0,0.0,439.0,11,8026,0,0,8037,266,1.3333,1.0,0.0,0.0,1.0,0.046,0.127,14.572,14.812,14.618,13.38,14.859,0.0,0,513.0,490.6,80,60,0,0,0,80,60,115,40
91,89,1,1,32127,17767,0,17767,32127,0.2613,0.4725,0.0,912.0,357.0,0.0,912.0,410,8358,0,0,8768,731,1.3333,1.0,1.875,0.0,1.0,0.222,0.432,15.12,15.393,15.343,14.067,9.383,0.0,0,439.0,577.4,80,60,75,0,0,80,60,115,40
92,88,1,1,32777,18049,0,18049,32777,0.2654,0.482,0.0,650.0,282.0,0.0,650.0,549,8707,0,0,9256,488,1.3333,1.0,0.0,0.0,1.0,0.625,0.836,15.733,15.99,16.358,14.695,15.019,0.0,0,912.0,603.0,80,60,0,0,0,80,60,125,40
93,87,1,1,33619,18294,0,18294,33619,0.269,0.4944,0.0,842.0,245.0,0.0,842.0,873,9098,0,0,9971,715,1.3333,1.0,2.075,0.0,1.0,0.948,1.085,16.325,16.737,17.273,15.454,12.038,0.0,0,650.0,671.2,80,60,83,0,0,80,60,125,40
94,86,1,1,34185,18537,0,18537,34185,0.2726,0.5027,0.0,566.0,243.0,0.0,566.0,901,9475,0,0,10376,405,1.3333,1.0,0.0,0.0,1.0,1.116,1.326,17.161,17.573,18.276,16.092,15.433,0.0,0,842.0,681.8,80,60,0,0,0,80,60,135,40
95,85,1,1,34810,18792,0,18792,34810,0.2764,0.5119,0.0,625.0,255.0,0.0,625.0,1034,9825,0,0,10859,483,1.3333,1.0,1.675,0.0,1.0,1.552,1.731,17.954,18.406,19.505,16.72,12.457,0.0,0,566.0,719.0,80,60,67,0,0,80,60,135,40
96,84,1,1,35571,19016,0,19016,35571,0.2796,0.5231,0.0,761.0,224.0,0.0,761.0,1279,10200,0,0,11479,620,1.3333,1.0,0.0,0.0,1.0,1.716,1.86,18.831,19.232,20.547,17.426,14.483,0.0,0,625.0,688.8,80,60,0,0,0,80,60,145,40
97,83,1,1,36335,19248,0,19248,36335,0.2831,0.5343,0.0,764.0,232.0,0.0,764.0,1513,10588,0,0,12101,622,1.3333,1.0,1.675,0.0,1.0,1.823,1.974,19.677,20.04,21.5,18.151,18.227,0.0,0,761.0,711.6,80,60,67,0,0,80,60,145,40
98,82,1,1,37044,19488,0,19488,37044,0.2866,0.5448,0.0,709.0,240.0,0.0,709.0,1697,10939,0,0,12636,535,1.3333,1.0,0.0,0.0,1.0,2.112,2.31,20.336,20.656,22.448,18.797,14.701,0.0,0,764.0,685.0,80,60,0,0,0,80,60,150,40
99,81,1,1,37833,19668,0,19668,37833,0.2892,0.5564,0.0,789.0,180.0,0.0,789.0,1962,11295,0,0,13257,621,1.3333,1.0,1.875,0.0,1.0,2.43,2.596,20.966,21.278,23.396,19.479,17.952,0.0,0,709.0,729.6,80,60,75,0,0,80,60,150,40
100,80,1,1,38608,19878,0,19878,38608,0.2923,0.5678,0.0,775.0,210.0,0.0,775.0,2246,11637,0,0,13883,626,1.3333,1.0,2.975,0.0,1.0,2.723,2.938,21.588,21.907,24.311,20.144,14.023,0.0,0,789.0,759.6,80,60,119,0,0,80,60,150,40
101,79,1,1,39771,20069,0,20069,39771,0.2951,0.5849,0.0,1163.0,191.0,0.0,1163.0,2871,11992,0,0,14863,980,1.3333,1.0,3.4,0.0,1.0,3.049,3.257,22.255,22.646,25.304,20.944,19.978,0.0,0,775.0,840.0,80,60,136,0,0,80,60,150,40
102,78,1,1,40438,20258,0,20258,40438,0.2979,0.5947,0.0,667.0,189.0,0.0,667.0,3006,12369,0,0,15375,512,1.3333,1.0,3.225,0.0,1.0,3.277,3.499,23.131,23.498,26.408,21.617,18.376,0.0,0,1163.0,820.6,80,60,129,0,0,80,60,150,40
103,77,1,1,41161,20459,0,20459,41161,0.3009,0.6053,0.0,723.0,201.0,0.0,723.0,3226,12700,0,0,15926,551,1.3333,1.0,3.575,0.0,1.0,3.652,3.801,23.956,24.291,27.608,22.242,14.666,0.0,0,667.0,823.4,80,60,143,0,0,80,60,150,40
104,76,1,1,41852,20651,0,20651,41852,0.3037,0.6155,0.0,691.0,192.0,0.0,691.0,3418,13007,0,0,16425,499,1.3333,1.0,3.7,0.0,1.0,3.948,4.185,24.589,24.848,28.537,22.818,20.44,0.0,0,723.0,803.8,80,60,148,0,0,80,60,150,40
105,75,1,1,42589,20858,0,20858,42589,0.3067,0.6263,0.0,737.0,207.0,0.0,737.0,3635,13364,0,0,16999,574,1.3333,1.0,3.525,0.0,1.0,4.388,4.63,25.094,25.452,29.482,23.485,17.291,0.0,0,691.0,796.2,80,60,141,0,0,80,60,150,40
106,74,1,1,43210,21076,0,21076,43210,0.3099,0.6354,0.0,621.0,218.0,0.0,621.0,3738,13716,0,0,17454,455,1.3333,1.0,3.55,0.0,1.0,4.861,5.199,25.722,26.019,30.583,24.106,17.714,0.0,0,737.0,687.8,80,60,142,0,0,80,60,150,40
107,73,1,1,44014,21273,0,21273,44014,0.3128,0.6473,0.0,804.0,197.0,0.0,804.0,4020,14101,0,0,18121,667,1.3333,1.0,3.6,0.0,1.0,5.433,5.613,26.421,26.748,31.854,24.842,17.621,0.0,0,621.0,715.2,80,60,144,0,0,80,60,150,40
108,72,1,1,44778,21482,0,21482,44778,0.3159,0.6585,0.0,764.0,209.0,0.0,764.0,4281,14433,0,0,18714,593,1.3333,1.0,3.4,0.0,1.0,5.723,5.885,27.174,27.529,32.898,25.482,17.322,0.0,0,804.0,723.4,80,60,136,0,0,80,60,150,40
109,71,1,1,45484,21709,0,21709,45484,0.3192,0.6689,0.0,706.0,227.0,0.0,706.0,4460,14785,0,0,19245,531,1.3333,1.0,3.15,0.0,1.0,5.986,6.194,27.891,28.303,33.878,26.128,20.067,0.0,0,764.0,726.4,80,60,126,0,0,80,60,150,40
110,70,1,1,46307,21896,0,21896,46307,0.322,0.681,0.0,823.0,187.0,0.0,823.0,4756,15151,0,0,19907,662,1.3333,1.0,3.3,0.0,1.0,6.28,6.424,28.723,29.108,35.003,26.837,20.245,0.0,0,706.0,743.6,80,60,132,0,0,80,60,150,40
111,69,1,1,47345,22095,0,22095,47345,0.3249,0.6963,0.0,1038.0,199.0,0.0,1038.0,5268,15525,0,0,20793,886,1.3333,1.0,3.3,0.0,1.0,6.502,6.697,29.423,29.752,35.925,27.631,15.73,0.0,0,823.0,827.0,80,60,132,0,0,80,60,150,40
112,68,1,1,48250,22331,0,22331,48250,0.3284,0.7096,0.0,905.0,236.0,0.0,905.0,5663,15870,0,0,21533,740,1.3333,1.0,3.175,0.0,1.0,6.825,7.0,30.089,30.366,36.914,28.338,21.599,0.0,0,1038.0,847.2,80,60,127,0,0,80,60,150,40
113,67,1,1,49025,22529,0,22529,49025,0.3313,0.721,0.0,775.0,198.0,0.0,775.0,5920,16243,0,0,22163,630,1.3333,1.0,2.875,0.0,1.0,7.028,7.129,30.685,31.027,37.713,29.045,21.38,0.0,0,905.0,849.4,80,60,115,0,0,80,60,150,40
114,66,1,1,49753,22754,0,22754,49753,0.3346,0.7317,0.0,728.0,225.0,0.0,728.0,6134,16584,0,0,22718,555,1.3333,1.0,3.425,0.0,1.0,7.235,7.407,31.364,31.719,38.598,29.685,22.919,0.0,0,775.0,853.8,80,60,137,0,0,80,60,150,40
115,65,1,1,50417,22951,0,22951,50417,0.3375,0.7414,0.0,664.0,197.0,0.0,664.0,6274,16940,0,0,23214,496,1.3333,1.0,2.9,0.0,1.0,7.598,7.801,32.153,32.532,39.751,30.325,29.2,0.0,0,728.0,822.0,80,60,116,0,0,80,60,150,40
116,64,1,1,51151,23143,0,23143,51151,0.3403,0.7522,0.0,734.0,192.0,0.0,734.0,6494,17277,0,0,23771,557,1.3333,1.0,3.15,0.0,1.0,7.932,8.148,32.952,33.328,40.884,30.96,18.04,0.0,0,664.0,761.2,80,60,126,0,0,80,60,150,40
117,63,1,1,51827,23341,0,23341,51827,0.3432,0.7622,0.0,676.0,198.0,0.0,676.0,6669,17598,0,0,24267,496,1.3333,1.0,3.725,0.0,1.0,8.22,8.409,33.707,34.057,41.927,31.553,19.52,0.0,0,734.0,715.4,80,60,149,0,0,80,60,150,40
118,62,1,1,52622,23523,0,23523,52622,0.3459,0.7739,0.0,795.0,182.0,0.0,795.0,6938,17955,0,0,24893,626,1.3333,1.0,3.65,0.0,1.0,8.54,8.69,34.411,34.695,42.951,32.238,20.963,0.0,0,676.0,719.4,80,60,146,0,0,80,60,150,40
119,61,1,1,53341,23736,0,23736,53341,0.3491,0.7844,0.0,719.0,213.0,0.0,719.0,7128,18322,0,0,25450,557,1.3333,1.0,3.275,0.0,1.0,8.842,9.099,35.001,35.348,43.843,32.913,21.127,0.0,0,795.0,717.6,80,60,131,0,0,80,60,150,40
120,60,1,2,54128,23947,0,23947,54128,0.3522,0.796,0.0,787.0,211.0,0.0,787.0,7379,18685,0,0,26064,614,1.3333,1.0,3.35,0.0,1.0,9.319,9.591,35.66,35.996,44.978,33.601,22.514,0.0,0,719.0,742.2,80,60,134,0,0,80,60,150,40
121,59,1,2,55149,24152,0,24152,55149,0.3552,0.811,0.0,1021.0,205.0,0.0,1021.0,7892,19024,0,0,26916,852,1.3333,1.0,3.375,0.0,1.0,9.809,10.065,36.323,36.721,46.132,34.337,21.404,0.0,0,787.0,799.6,80,60,135,0,0,80,60,150,40
122,58,1,2,55879,24366,0,24366,55879,0.3583,0.8217,0.0,730.0,214.0,0.0,730.0,8071,19425,0,0,27496,580,1.3333,1.0,3.1,0.0,1.0,10.269,10.499,37.107,37.546,47.376,35.065,20.765,0.0,0,1021.0,810.4,80,60,124,0,0,80,60,150,40
123,57,1,2,56636,24579,0,24579,56636,0.3615,0.8329,0.0,757.0,213.0,0.0,757.0,8314,19766,0,0,28080,584,1.3333,1.0,2.95,0.0,1.0,10.663,10.899,37.908,38.175,48.57,35.715,27.995,0.0,0,730.0,802.8,80,60,118,0,0,80,60,150,40
124,56,1,2,57437,24790,0,24790,57437,0.3646,0.8447,0.0,801.0,211.0,0.0,801.0,8584,20145,0,0,28729,649,1.3333,1.0,3.1,0.0,1.0,11.011,11.198,38.503,38.86,49.514,36.436,25.948,0.0,0,757.0,819.2,80,60,124,0,0,80,60,150,40
125,55,1,2,58315,24997,0,24997,58315,0.3676,0.8576,0.0,878.0,207.0,0.0,878.0,8949,20499,0,0,29448,719,1.3333,1.0,3.275,0.0,1.0,11.354,11.496,39.203,39.564,50.557,37.148,20.684,0.0,0,801.0,837.4,80,60,131,0,0,80,60,150,40
126,54,1,2,59100,25223,0,25223,59100,0.3709,0.8691,0.0,785.0,226.0,0.0,785.0,9220,20832,0,0,30052,604,1.3333,1.0,3.075,0.0,1.0,11.587,11.78,39.902,40.201,51.489,37.793,25.495,0.0,0,878.0,790.2,80,60,123,0,0,80,60,150,40
127,53,1,2,60014,25406,0,25406,60014,0.3736,0.8826,0.0,914.0,183.0,0.0,914.0,9640,21157,0,0,30797,745,1.3333,1.0,3.275,0.0,1.0,11.858,12.058,40.553,40.863,52.411,38.475,21.815,0.0,0,785.0,827.0,80,60,131,0,0,80,60,150,40
128,52,1,2,60917,25627,0,25627,60917,0.3769,0.8958,0.0,903.0,221.0,0.0,903.0,10032,21501,0,0,31533,736,1.3333,1.0,3.55,0.0,1.0,12.102,12.3,41.281,41.654,53.383,39.179,29.253,0.0,0,914.0,856.2,80,60,142,0,0,80,60,150,40
129,51,1,2,61676,25816,0,25816,61676,0.3796,0.907,0.0,759.0,189.0,0.0,759.0,10295,21825,0,0,32120,587,1.3333,1.0,3.625,0.0,1.0,12.461,12.644,42.046,42.341,54.507,39.807,21.858,0.0,0,903.0,847.8,80,60,145,0,0,80,60,150,40
130,50,1,2,62490,26034,0,26034,62490,0.3829,0.919,0.0,814.0,218.0,0.0,814.0,10585,22168,0,0,32753,633,1.3333,1.0,3.65,0.0,1.0,12.717,12.894,42.679,42.968,55.395,40.475,25.792,0.0,0,759.0,835.0,80,60,146,0,0,80,60,150,40
131,49,1,2,63643,26216,0,26216,63643,0.3855,0.9359,0.0,1153.0,182.0,0.0,1153.0,11231,22517,0,0,33748,995,1.3333,1.0,3.325,0.0,1.0,12.942,13.199,43.281,43.617,56.223,41.272,29.104,0.0,0,814.0,908.6,80,60,133,0,0,80,60,150,40
132,48,1,2,64330,26427,0,26427,64330,0.3886,0.946,0.0,687.0,211.0,0.0,687.0,11408,22895,0,0,34303,555,1.3333,1.0,3.625,0.0,1.0,13.397,13.627,44.021,44.345,57.419,41.961,23.242,0.0,0,1153.0,863.2,80,60,145,0,0,80,60,150,40
133,47,1,2,65275,26630,0,26630,65275,0.3916,0.9599,0.0,945.0,203.0,0.0,945.0,11857,23238,0,0,35095,792,1.3333,1.0,3.575,0.0,1.0,13.673,13.887,44.713,45.06,58.386,42.682,26.716,0.0,0,687.0,871.6,80,60,143,0,0,80,60,150,40
134,46,1,2,66068,26868,0,26868,66068,0.3951,0.9716,0.0,793.0,238.0,0.0,793.0,12119,23596,0,0,35715,620,1.3333,1.0,2.95,0.0,1.0,14.014,14.199,45.441,45.745,59.455,43.366,32.019,0.0,0,945.0,878.4,80,60,118,0,0,80,60,150,40
135,45,1,2,66981,27092,0,27092,66981,0.3984,0.985,0.0,913.0,224.0,0.0,913.0,12517,23954,0,0,36471,756,1.3333,1.0,2.8,0.0,1.0,14.364,14.652,46.055,46.435,60.419,44.096,30.89,0.0,0,793.0,898.2,80,60,112,0,0,80,60,150,40
136,44,1,2,67798,27298,0,27298,67798,0.4014,0.997,0.0,817.0,206.0,0.0,817.0,12830,24299,0,0,37129,658,1.3333,1.0,3.225,0.0,1.0,14.872,15.172,46.782,47.126,61.654,44.775,24.91,0.0,0,913.0,831.0,80,60,129,0,0,80,60,150,40
137,43,1,2,68000,27499,0,27499,68000,0.4044,1.0,0.0,202.0,201.0,0.0,202.0,12513,24656,0,0,37169,40,1.3333,1.0,3.5,0.0,1.0,15.367,15.598,47.441,47.813,62.809,45.264,26.935,0.0,0,817.0,734.0,80,60,140,0,0,80,60,150,40
138,42,1,2,68000,27698,0,27698,68000,0.4073,1.0,0.0,0.0,199.0,0.0,0.0,11999,24987,0,0,36986,-183,1.3333,1.0,3.475,0.0,1.0,15.689,15.799,48.099,48.454,63.788,45.645,29.475,0.0,0,202.0,545.0,80,60,139,0,0,80,60,150,40
139,41,1,2,68000,27917,0,27917,68000,0.4105,1.0,0.0,0.0,219.0,0.0,0.0,11503,25336,0,0,36839,-147,1.3333,1.0,2.875,0.0,1.0,15.986,16.197,48.826,49.182,64.812,46.061,32.09,0.0,0,0.0,386.4,80,60,115,0,0,80,60,150,40
140,40,1,2,68000,28108,0,28108,68000,0.4134,1.0,0.0,0.0,191.0,0.0,0.0,10973,25697,0,0,36670,-169,1.3333,1.0,3.0,0.0,1.0,16.347,16.571,49.413,49.723,65.76,46.486,26.6,0.0,0,0.0,203.8,80,60,120,0,0,80,60,150,40
141,39,1,2,68000,28318,0,28318,68000,0.4164,1.0,0.0,0.0,210.0,0.0,0.0,10455,26042,0,0,36497,-173,1.3333,1.0,3.15,0.0,1.0,16.648,16.809,50.047,50.386,66.694,46.888,33.518,0.0,0,0.0,40.4,80,60,126,0,0,80,60,150,40
142,38,1,2,68000,28508,0,28508,68000,0.4192,1.0,0.0,0.0,190.0,0.0,0.0,9941,26399,0,0,36340,-157,1.3333,1.0,3.25,0.0,1.0,16.979,17.192,50.732,51.112,67.71,47.312,24.501,0.0,0,0.0,0.0,80,60,130,0,0,80,60,150,40
143,37,1,2,68000,28708,0,28708,68000,0.4222,1.0,0.0,0.0,200.0,0.0,0.0,9414,26756,0,0,36170,-170,1.3333,1.0,3.2,0.0,1.0,17.411,17.593,51.46,51.788,68.871,47.731,34.213,0.0,0,0.0,0.0,80,60,128,0,0,80,60,150,40
144,36,1,2,68000,28902,0,28902,68000,0.425,1.0,0.0,0.0,194.0,0.0,0.0,8912,27078,0,0,35990,-180,1.3333,1.0,3.225,0.0,1.0,17.689,17.998,52.077,52.427,69.766,48.101,30.291,0.0,0,0.0,0.0,80,60,129,0,0,80,60,150,40
145,35,1,2,68000,29121,0,29121,68000,0.4283,1.0,0.0,0.0,219.0,0.0,0.0,8393,152,15,0,8545,-27445,1.3333,0.9667,3.75,0.0,1.0,18.092,18.299,25.635,53.166,43.726,3.051,27.607,0.0,0,0.0,0.0,80,58,150,0,0,80,58,150,40
146,34,1,2,68000,29330,0,29330,68000,0.4313,1.0,0.0,0.0,209.0,0.0,0.0,7871,537,0,0,8408,-137,1.3333,0.9667,3.375,0.0,1.0,18.567,18.869,29.672,53.834,48.238,3.519,30.988,0.0,0,0.0,0.0,80,58,135,0,0,80,58,150,40
147,33,1,2,68000,29536,0,29536,68000,0.4344,1.0,0.0,0.0,206.0,0.0,0.0,7370,891,0,0,8261,-147,1.3333,0.9667,3.375,0.0,1.0,19.05,19.297,29.165,54.53,48.215,3.942,34.024,0.0,0,0.0,0.0,80,58,135,0,0,80,58,150,40
148,32,1,2,68000,29753,0,29753,68000,0.4375,1.0,0.0,0.0,217.0,0.0,0.0,6839,1253,0,0,8092,-169,1.3333,0.9667,3.25,0.0,1.0,19.475,19.696,27.521,55.231,46.996,4.368,29.977,0.0,0,0.0,0.0,80,58,130,0,0,80,58,150,40
149,31,1,2,68000,29980,0,29980,68000,0.4409,1.0,0.0,0.0,227.0,0.0,0.0,6326,1626,9,0,7952,-140,1.3333,0.9667,3.75,0.0,1.0,19.885,20.053,33.043,55.857,52.929,4.819,20.22,0.0,0,0.0,0.0,80,58,150,0,0,80,58,150,40
150,30,1,2,68000,30245,0,30245,68000,0.4448,1.0,0.0,0.0,265.0,0.0,0.0,5801,1992,59,0,7793,-159,1.3333,0.9667,3.75,0.0,1.0,20.11,20.296,30.042,56.574,50.152,5.254,19.815,0.0,0,0.0,0.0,80,58,150,0,0,80,58,150,40
151,29,1,2,68000,30503,0,30503,68000,0.4486,1.0,0.0,0.0,258.0,0.0,0.0,5283,2196,91,0,7479,-314,1.3333,0.9667,3.75,0.0,1.0,20.493,20.799,26.467,57.148,46.96,5.421,20.129,0.0,0,0.0,0.0,80,58,150,0,0,80,58,150,40
152,28,1,2,68000,30786,0,30786,68000,0.4527,1.0,0.0,0.0,283.0,0.0,0.0,4761,2378,185,0,7139,-340,1.3333,0.9667,3.75,0.0,1.0,21.111,21.412,28.903,57.525,50.014,5.55,28.387,0.0,0,0.0,0.0,80,58,150,0,0,80,58,150,40
153,27,1,2,68000,31059,0,31059,68000,0.4567,1.0,0.0,0.0,273.0,0.0,0.0,4248,2582,223,0,6830,-309,1.3333,0.9667,3.75,0.0,1.0,21.594,21.799,30.182,57.992,51.776,5.719,17.109,0.0,0,0.0,0.0,80,58,150,0,0,80,58,150,40
154,26,1,2,68000,31394,0,31394,68000,0.4617,1.0,0.0,0.0,335.0,0.0,0.0,3718,2814,348,0,6532,-298,1.3333,0.9667,3.75,0.0,1.0,21.862,22.049,31.133,58.422,52.995,5.929,27.191,0.0,0,0.0,0.0,80,58,150,0,0,80,58,150,40
155,25,1,2,68000,31735,0,31735,68000,0.4667,1.0,0.0,0.0,341.0,0.0,0.0,3212,3066,504,0,6278,-254,1.3333,0.9667,3.75,0.0,1.0,22.212,22.457,33.252,58.902,55.463,6.181,23.435,0.0,0,0.0,0.0,80,58,150,0,0,80,58,150,40
156,24,1,2,68000,32119,0,32119,68000,0.4723,1.0,0.0,0.0,384.0,0.0,0.0,2677,3370,0,0,6047,-231,1.3333,0.9667,0.0,0.0,1.0,22.659,22.914,33.091,59.468,55.75,6.509,20.301,0.0,0,0.0,0.0,80,58,0,0,0,80,58,142,40
157,23,1,2,68000,32508,0,32508,68000,0.4781,1.0,0.0,0.0,389.0,0.0,0.0,2157,3640,108,0,5797,-250,1.3333,0.9667,3.55,0.0,1.0,23.077,23.294,33.618,59.968,56.694,6.786,9.174,0.0,0,0.0,0.0,80,58,142,0,0,80,58,142,40
158,22,1,2,68000,32894,0,32894,68000,0.4837,1.0,0.0,0.0,386.0,0.0,0.0,1639,3924,0,0,5563,-234,1.3333,0.9667,0.0,0.0,1.0,23.424,23.611,32.762,60.56,56.186,7.086,16.255,0.0,0,0.0,0.0,80,58,0,0,0,80,58,150,40
159,21,1,2,68000,33362,0,33362,68000,0.4906,1.0,0.0,0.0,468.0,0.0,0.0,1097,4254,78,0,5351,-212,1.3333,0.9667,3.75,0.0,1.0,23.766,24.081,31.974,61.209,55.74,7.456,8.353,0.0,0,0.0,0.0,80,58,150,0,0,80,58,150,40
160,20,1,2,68000,33809,0,33809,68000,0.4972,1.0,0.0,0.0,447.0,0.0,0.0,603,4543,250,0,5146,-205,1.3333,0.9667,3.75,0.0,1.0,24.254,24.483,35.705,61.79,59.958,7.773,11.336,0.0,0,0.0,0.0,80,58,150,0,0,80,58,150,40
161,19,1,2,68000,34258,0,34258,68000,0.5038,1.0,0.0,0.0,449.0,0.0,0.0,83,4901,367,0,4984,-162,1.3333,0.9667,3.75,0.0,1.0,24.63,24.808,38.225,62.42,62.855,8.196,11.811,0.0,0,0.0,0.0,80,58,150,0,0,80,58,150,40
162,18,1,2,68000,34753,0,34753,68000,0.5111,1.0,0.0,0.0,495.0,0.0,0.0,0,4861,464,0,4861,-123,0.0,0.9667,3.75,0.0,1.0,24.801,24.849,35.776,63.052,60.577,8.102,10.757,0.0,0,0.0,0.0,0,58,150,0,0,80,58,150,40
163,17,1,2,68000,35223,0,35223,68000,0.518,1.0,0.0,0.0,470.0,0.0,0.0,0,4682,587,0,4682,-179,0.0,0.9667,3.75,0.0,1.0,0.0,0,37.046,63.675,37.046,7.803,17.08,0.0,0,0.0,0.0,0,58,150,0,0,80,58,150,40
164,16,1,2,68000,35695,0,35695,68000,0.5249,1.0,0.0,0.0,472.0,0.0,0.0,0,4534,697,0,4534,-148,0.0,0.9667,3.75,0.0,1.0,0.0,0,37.622,64.364,37.622,7.557,20.952,0.0,0,0.0,0.0,0,58,150,0,0,80,58,150,40
165,15,1,2,68000,36099,0,36099,68000,0.5309,1.0,0.0,0.0,404.0,0.0,0.0,0,4378,767,0,4378,-156,0.0,0.9667,3.75,0.0,1.0,0.0,0,39.965,65.022,39.965,7.297,25.457,0.0,0,0.0,0.0,0,58,150,0,0,80,58,150,40
166,14,1,2,68000,36538,0,36538,68000,0.5373,1.0,0.0,0.0,439.0,0.0,0.0,0,4212,847,0,4212,-166,0.0,0.9667,3.75,0.0,1.0,0.0,0,37.829,65.744,37.829,7.02,32.435,0.0,0,0.0,0.0,0,58,150,0,0,80,58,150,40
167,13,1,2,68000,36935,0,36935,68000,0.5432,1.0,0.0,0.0,397.0,0.0,0.0,0,4043,931,0,4043,-169,0.0,0.9667,3.75,0.0,1.0,0.0,0,37.592,66.472,37.592,6.738,26.491,0.0,0,0.0,0.0,0,58,150,0,0,80,58,150,40
168,12,1,2,68000,37296,0,37296,68000,0.5485,1.0,0.0,0.0,361.0,0.0,0.0,0,3870,1007,0,3870,-173,0.0,0.9667,3.75,0.0,1.0,0.0,0,39.43,67.178,39.43,6.45,28.476,0.0,0,0.0,0.0,0,58,150,0,0,80,58,150,40
169,11,1,2,68000,37639,0,37639,68000,0.5535,1.0,0.0,0.0,343.0,0.0,0.0,0,3713,1073,0,3713,-157,0.0,0.9667,3.75,0.0,1.0,0.0,0,39.214,67.916,39.214,6.188,30.806,0.0,0,0.0,0.0,0,58,150,0,0,80,58,150,40
170,10,1,2,68000,37926,0,37926,68000,0.5577,1.0,0.0,0.0,287.0,0.0,0.0,0,3539,1142,0,3539,-174,0.0,0.9667,3.75,0.0,1.0,0.0,0,41.06,68.591,41.06,5.898,30.001,0.0,0,0.0,0.0,0,58,150,0,0,80,58,150,40
171,9,1,2,68000,38262,0,38262,68000,0.5627,1.0,0.0,0.0,336.0,0.0,0.0,0,3379,0,0,3379,-160,0.0,0.9667,0.6,0.0,1.0,0.0,0,43.874,69.247,43.874,5.632,21.437,0.0,0,0.0,0.0,0,58,24,0,0,80,58,150,40
172,8,1,2,68000,38559,0,38559,68000,0.567,1.0,0.0,0.0,297.0,0.0,0.0,0,3234,0,0,3234,-145,0.0,0.9667,3.275,0.0,1.0,0.0,0,43.273,69.963,43.273,5.39,16.92,0.0,0,0.0,0.0,0,58,131,0,0,80,58,150,40
173,7,1,2,68000,38868,0,38868,68000,0.5716,1.0,0.0,0.0,309.0,0.0,0.0,0,3070,66,0,3070,-164,0.0,0.9667,3.75,0.0,1.0,0.0,0,43.28,70.643,43.28,5.117,17.294,0.0,0,0.0,0.0,0,58,150,0,0,80,58,150,40
174,6,1,2,68000,39189,0,39189,68000,0.5763,1.0,0.0,0.0,321.0,0.0,0.0,0,0,121,0,0,-3070,0.0,0.0,3.75,0.0,1.0,0.0,0,43.32,71.32,43.32,0.0,15.87,0.0,0,0.0,0.0,0,0,150,0,0,80,60,150,40
175,5,1,2,68000,39552,0,39552,68000,0.5816,1.0,0.0,0.0,363.0,0.0,0.0,0,0,192,0,0,0,0.0,0.0,3.75,0.0,1.0,0.0,0,46.399,72.008,46.399,0.0,21.282,0.0,0,0.0,0.0,0,0,150,0,0,80,60,150,40
176,4,1,2,68000,39906,0,39906,68000,0.5869,1.0,0.0,0.0,354.0,0.0,0.0,0,0,276,0,0,0,0.0,0.0,3.75,0.0,1.0,0.0,0,46.004,72.701,46.004,0.0,18.329,0.0,0,0.0,0.0,0,0,150,0,0,80,60,150,40
177,3,1,2,68000,40267,0,40267,68000,0.5922,1.0,0.0,0.0,361.0,0.0,0.0,0,0,309,0,0,0,0.0,0.0,3.75,0.0,1.0,0.0,0,46.781,73.387,46.781,0.0,18.551,0.0,0,0.0,0.0,0,0,150,0,0,80,60,150,40
178,2,1,2,68000,40591,0,40591,68000,0.5969,1.0,0.0,0.0,324.0,0.0,0.0,0,0,368,0,0,0,0.0,0.0,3.75,0.0,1.0,0.0,0,48.055,74.089,48.055,0.0,20.111,0.0,0,0.0,0.0,0,0,150,0,0,80,60,150,40
179,1,1,2,68000,40944,0,40944,68000,0.6021,1.0,0.0,0.0,353.0,0.0,0.0,0,0,431,0,0,0,0.0,0.0,3.75,0.0,1.0,0.0,0,45.398,74.787,45.398,0.0,22.131,0.0,0,0.0,0.0,0,0,150,0,0,80,60,150,40
180,0,0,3,68000,41262,0,41262,68000,0.6068,1.0,0.0,0.0,318.0,0.0,0.0,0,0,482,0,0,0,0.0,0.0,3.75,0.0,1.0,0.0,0,48.397,75.519,48.397,0.0,19.254,0.0,0,0.0,0.0,0,0,150,0,0,80,60,150,40
181,0,0,3,68000,41625,0,41625,68000,0.6121,1.0,0.0,0.0,363.0,0.0,0.0,0,0,524,0,0,0,0.0,0.0,3.75,0.0,1.0,0.0,0,50.838,76.221,50.838,0.0,23.596,0.0,0,0.0,0.0,0,0,150,0,0,80,60,150,40
182,0,0,3,68000,42006,0,42006,68000,0.6177,1.0,0.0,0.0,381.0,0.0,0.0,0,0,587,0,0,0,0.0,0.0,3.75,0.0,1.0,0.0,0,50.993,76.936,50.993,0.0,16.8,0.0,0,0.0,0.0,0,0,150,0,0,80,60,150,40
183,0,0,3,68000,42397,0,42397,68000,0.6235,1.0,0.0,0.0,391.0,0.0,0.0,0,0,654,0,0,0,0.0,0.0,3.75,0.0,1.0,0.0,0,51.906,77.635,51.906,0.0,23.367,0.0,0,0.0,0.0,0,0,150,0,0,80,60,150,40
184,0,0,3,68000,42740,0,42740,68000,0.6285,1.0,0.0,0.0,343.0,0.0,0.0,0,0,697,0,0,0,0.0,0.0,3.75,0.0,1.0,0.0,0,54.14,78.303,54.14,0.0,21.68,0.0,0,0.0,0.0,0,0,150,0,0,80,60,150,40
185,0,0,3,68000,43118,0,43118,68000,0.6341,1.0,0.0,0.0,378.0,0.0,0.0,0,0,732,0,0,0,0.0,0.0,3.75,0.0,1.0,0.0,0,47.705,79.05,47.705,0.0,22.86,0.0,0,0.0,0.0,0,0,150,0,0,80,60,150,40
186,0,0,3,68000,43441,0,43441,68000,0.6388,1.0,0.0,0.0,323.0,0.0,0.0,0,0,792,0,0,0,0.0,0.0,3.75,0.0,1.0,0.0,0,48.88,79.779,48.88,0.0,30.04,0.0,0,0.0,0.0,0,0,150,0,0,80,60,150,40
187,0,0,3,68000,43804,0,43804,68000,0.6442,1.0,0.0,0.0,363.0,0.0,0.0,0,0,838,0,0,0,0.0,0.0,3.75,0.0,1.0,0.0,0,52.746,80.509,52.746,0.0,29.329,0.0,0,0.0,0.0,0,0,150,0,0,80,60,150,40
188,0,0,3,68000,44144,0,44144,68000,0.6492,1.0,0.0,0.0,340.0,0.0,0.0,0,0,889,0,0,0,0.0,0.0,3.75,0.0,1.0,0.0,0,55.343,81.186,55.343,0.0,34.176,0.0,0,0.0,0.0,0,0,150,0,0,80,60,150,40
189,0,0,3,68000,44475,0,44475,68000,0.654,1.0,0.0,0.0,331.0,0.0,0.0,0,0,962,0,0,0,0.0,0.0,3.75,0.0,1.0,0.0,0,57.072,81.847,57.072,0.0,31.387,0.0,0,0.0,0.0,0,0,150,0,0,80,60,150,40
190,0,0,3,68000,44798,0,44798,68000,0.6588,1.0,0.0,0.0,323.0,0.0,0.0,0,0,1017,0,0,0,0.0,0.0,3.75,0.0,1.0,0.0,0,57.443,82.55,57.443,0.0,31.54,0.0,0,0.0,0.0,0,0,150,0,0,80,60,150,40
191,0,0,3,68000,45089,0,45089,68000,0.6631,1.0,0.0,0.0,291.0,0.0,0.0,0,0,1088,0,0,0,0.0,0.0,3.75,0.0,1.0,0.0,0,57.751,83.22,57.751,0.0,41.825,0.0,0,0.0,0.0,0,0,150,0,0,80,60,150,40
192,0,0,3,68000,45360,0,45360,68000,0.6671,1.0,0.0,0.0,271.0,0.0,0.0,0,0,1151,0,0,0,0.0,0.0,3.75,0.0,1.0,0.0,0,57.203,83.918,57.203,0.0,34.374,0.0,0,0.0,0.0,0,0,150,0,0,80,60,150,40
193,0,0,3,68000,45626,0,45626,68000,0.671,1.0,0.0,0.0,266.0,0.0,0.0,0,0,1189,0,0,0,0.0,0.0,3.75,0.0,1.0,0.0,0,57.035,84.646,57.035,0.0,36.156,0.0,0,0.0,0.0,0,0,150,0,0,80,60,150,40
194,0,0,3,68000,45892,0,45892,68000,0.6749,1.0,0.0,0.0,266.0,0.0,0.0,0,0,1252,0,0,0,0.0,0.0,3.75,0.0,1.0,0.0,0,85.022,85.332,85.022,0.0,33.693,0.0,0,0.0,0.0,0,0,150,0,0,80,60,150,40
195,0,0,3,68000,46156,0,46156,68000,0.6788,1.0,0.0,0.0,264.0,0.0,0.0,0,0,1309,0,0,0,0.0,0.0,3.75,0.0,1.0,0.0,0,85.726,86.095,85.726,0.0,33.138,0.0,0,0.0,0.0,0,0,150,0,0,80,60,150,40
196,0,0,3,68000,46398,0,46398,68000,0.6823,1.0,0.0,0.0,242.0,0.0,0.0,0,0,1349,0,0,0,0.0,0.0,3.75,0.0,1.0,0.0,0,86.448,86.813,86.448,0.0,35.661,0.0,0,0.0,0.0,0,0,150,0,0,80,60,150,40
197,0,0,3,68000,46646,0,46646,68000,0.686,1.0,0.0,0.0,248.0,0.0,0.0,0,0,1379,0,0,0,0.0,0.0,3.75,0.0,1.0,0.0,0,87.162,87.5,87.162,0.0,41.784,0.0,0,0.0,0.0,0,0,150,0,0,80,60,150,40
198,0,0,3,68000,46889,0,46889,68000,0.6895,1.0,0.0,0.0,243.0,0.0,0.0,0,0,1412,0,0,0,0.0,0.0,3.75,0.0,1.0,0.0,0,87.81,88.147,87.81,0.0,42.292,0.0,0,0.0,0.0,0,0,150,0,0,80,60,150,40
199,0,0,3,68000,47123,0,47123,68000,0.693,1.0,0.0,0.0,234.0,0.0,0.0,0,0,1391,0,0,0,0.0,0.0,3.75,0.0,1.0,0.0,0,88.586,88.906,88.586,0.0,37.343,0.0,0,0.0,0.0,0,0,150,0,0,80,60,150,40
200,0,0,3,68000,47351,0,47351,68000,0.6963,1.0,0.0,0.0,228.0,0.0,0.0,0,0,1419,0,0,0,0.0,0.0,3.75,0.0,1.0,0.0,0,89.21,89.534,89.21,0.0,38.492,0.0,0,0.0,0.0,0,0,150,0,0,80,60,150,40
201,0,0,3,68000,47566,0,47566,68000,0.6995,1.0,0.0,0.0,215.0,0.0,0.0,0,0,1402,0,0,0,0.0,0.0,3.75,0.0,1.0,0.0,0,89.894,90.216,89.894,0.0,37.966,0.0,0,0.0,0.0,0,0,150,0,0,80,60,150,40
202,0,0,3,68000,47772,0,47772,68000,0.7025,1.0,0.0,0.0,206.0,0.0,0.0,0,0,1384,0,0,0,0.0,0.0,3.75,0.0,1.0,0.0,0,90.558,90.897,90.558,0.0,44.222,0.0,0,0.0,0.0,0,0,150,0,0,80,60,150,40
203,0,0,3,68000,47979,0,47979,68000,0.7056,1.0,0.0,0.0,207.0,0.0,0.0,0,0,1389,0,0,0,0.0,0.0,3.75,0.0,1.0,0.0,0,91.22,91.586,91.22,0.0,35.302,0.0,0,0.0,0.0,0,0,150,0,0,80,60,150,40
204,0,0,3,68000,48185,0,48185,68000,0.7086,1.0,0.0,0.0,206.0,0.0,0.0,0,0,1367,0,0,0,0.0,0.0,3.75,0.0,1.0,0.0,0,91.972,92.281,91.972,0.0,41.857,0.0,0,0.0,0.0,0,0,150,0,0,80,60,150,40
205,0,0,3,68000,48384,0,48384,68000,0.7115,1.0,0.0,0.0,199.0,0.0,0.0,0,0,1365,0,0,0,0.0,0.0,3.75,0.0,1.0,0.0,0,92.616,92.93,92.616,0.0,44.451,0.0,0,0.0,0.0,0,0,150,0,0,80,60,150,40
206,0,0,3,68000,48596,0,48596,68000,0.7146,1.0,0.0,0.0,212.0,0.0,0.0,0,0,1333,0,0,0,0.0,0.0,3.75,0.0,1.0,0.0,0,93.259,93.559,93.259,0.0,43.279,0.0,0,0.0,0.0,0,0,150,0,0,80,60,150,40
207,0,0,3,68000,48802,0,48802,68000,0.7177,1.0,0.0,0.0,206.0,0.0,0.0,0,0,1321,0,0,0,0.0,0.0,3.75,0.0,1.0,0.0,0,93.895,94.233,93.895,0.0,36.393,0.0,0,0.0,0.0,0,0,150,0,0,80,60,150,40
208,0,0,3,68000,49003,0,49003,68000,0.7206,1.0,0.0,0.0,201.0,0.0,0.0,0,0,1306,0,0,0,0.0,0.0,3.75,0.0,1.0,0.0,0,94.554,94.918,94.554,0.0,49.611,0.0,0,0.0,0.0,0,0,150,0,0,80,60,150,40
209,0,0,3,68000,49185,0,49185,68000,0.7233,1.0,0.0,0.0,182.0,0.0,0.0,0,0,1283,0,0,0,0.0,0.0,3.75,0.0,1.0,0.0,0,95.269,95.544,95.269,0.0,38.809,0.0,0,0.0,0.0,0,0,150,0,0,80,60,150,40
210,0,0,3,68000,49377,0,49377,68000,0.7261,1.0,0.0,0.0,192.0,0.0,0.0,0,0,1281,0,0,0,0.0,0.0,3.75,0.0,1.0,0.0,0,95.831,96.207,95.831,0.0,47.009,0.0,0,0.0,0.0,0,0,150,0,0,80,60,150,40
211,0,0,3,68000,49577,0,49577,68000,0.7291,1.0,0.0,0.0,200.0,0.0,0.0,0,0,1263,0,0,0,0.0,0.0,3.75,0.0,1.0,0.0,0,96.47,96.636,96.47,0.0,37.613,0.0,0,0.0,0.0,0,0,150,0,0,80,60,150,40
212,0,0,3,68000,49806,0,49806,68000,0.7324,1.0,0.0,0.0,229.0,0.0,0.0,0,0,1259,0,0,0,0.0,0.0,3.75,0.0,1.0,0.0,0,96.804,96.951,96.804,0.0,47.444,0.0,0,0.0,0.0,0,0,150,0,0,80,60,150,40
213,0,0,3,68000,50033,0,50033,68000,0.7358,1.0,0.0,0.0,227.0,0.0,0.0,0,0,1261,0,0,0,0.0,0.0,3.75,0.0,1.0,0.0,0,97.108,97.242,97.108,0.0,47.876,0.0,0,0.0,0.0,0,0,150,0,0,80,60,150,40
214,0,0,3,68000,50250,0,50250,68000,0.739,1.0,0.0,0.0,217.0,0.0,0.0,0,0,1298,0,0,0,0.0,0.0,3.75,0.0,1.0,0.0,0,97.395,97.532,97.395,0.0,44.306,0.0,0,0.0,0.0,0,0,150,0,0,80,60,150,40
215,0,0,3,68000,50484,0,50484,68000,0.7424,1.0,0.0,0.0,234.0,0.0,0.0,0,0,1356,0,0,0,0.0,0.0,3.75,0.0,1.0,0.0,0,97.74,97.911,97.74,0.0,48.416,0.0,0,0.0,0.0,0,0,150,0,0,80,60,150,40
216,0,0,3,68000,50734,0,50734,68000,0.7461,1.0,0.0,0.0,250.0,0.0,0.0,0,0,1389,0,0,0,0.0,0.0,3.75,0.0,1.0,0.0,0,98.066,98.194,98.066,0.0,43.885,0.0,0,0.0,0.0,0,0,150,0,0,80,60,150,40
217,0,0,3,68000,51003,0,51003,68000,0.75,1.0,0.0,0.0,269.0,0.0,0.0,0,0,1476,0,0,0,0.0,0.0,3.75,0.0,1.0,0.0,0,98.42,98.576,98.42,0.0,49.488,0.0,0,0.0,0.0,0,0,150,0,0,80,60,150,40
218,0,0,3,68000,51297,0,51297,68000,0.7544,1.0,0.0,0.0,294.0,0.0,0.0,0,0,1563,0,0,0,0.0,0.0,3.75,0.0,1.0,0.0,0,98.671,98.83,98.671,0.0,45.332,0.0,0,0.0,0.0,0,0,150,0,0,80,60,150,40
219,0,0,3,68000,51582,0,51582,68000,0.7586,1.0,0.0,0.0,285.0,0.0,0.0,0,0,1621,0,0,0,0.0,0.0,3.75,0.0,1.0,0.0,0,98.967,99.187,98.967,0.0,48.183,0.0,0,0.0,0.0,0,0,150,0,0,80,60,150,40
220,0,0,3,68000,51872,0,51872,68000,0.7628,1.0,0.0,0.0,290.0,0.0,0.0,0,0,1686,0,0,0,0.0,0.0,3.75,0.0,1.0,0.0,0,99.338,99.452,99.338,0.0,25.902,0.0,0,0.0,0.0,0,0,150,0,0,80,60,150,40
221,0,0,3,68000,52162,0,52162,68000,0.7671,1.0,0.0,0.0,290.0,0.0,0.0,0,0,1782,0,0,0,0.0,0.0,3.75,0.0,1.0,0.0,0,99.569,99.715,99.569,0.0,16.701,0.0,0,0.0,0.0,0,0,150,0,0,80,60,150,40
222,0,0,3,68000,52473,0,52473,68000,0.7717,1.0,0.0,0.0,311.0,0.0,0.0,0,0,1844,0,0,0,0.0,0.0,3.75,0.0,1.0,0.0,0,99.904,100.081,99.904,0.0,16.265,0.0,0,0.0,0.0,0,0,150,0,0,80,60,150,40
223,0,0,3,68000,52773,0,52773,68000,0.7761,1.0,0.0,0.0,300.0,0.0,0.0,0,0,1947,0,0,0,0.0,0.0,3.75,0.0,1.0,0.0,0,100.218,100.362,100.218,0.0,16.002,0.0,0,0.0,0.0,0,0,150,0,0,80,60,150,40
224,0,0,3,68000,53091,0,53091,68000,0.7808,1.0,0.0,0.0,318.0,0.0,0.0,0,0,2026,0,0,0,0.0,0.0,3.75,0.0,1.0,0.0,0,100.52,100.733,100.52,0.0,15.741,0.0,0,0.0,0.0,0,0,150,0,0,80,60,150,40
225,0,0,3,68000,53356,0,53356,68000,0.7846,1.0,0.0,0.0,265.0,0.0,0.0,0,0,2090,0,0,0,0.0,0.0,3.75,0.0,1.0,0.0,0,100.848,100.968,100.848,0.0,15.48,0.0,0,0.0,0.0,0,0,150,0,0,80,60,150,40
226,0,0,3,68000,53685,0,53685,68000,0.7895,1.0,0.0,0.0,329.0,0.0,0.0,0,0,5884,0,0,0,0.0,0.0,3.75,0.0,1.0,0.0,0,101.108,101.247,101.108,0.0,15.309,0.0,0,0.0,0.0,0,0,150,0,0,80,60,150,40
227,0,0,3,68000,53959,0,53959,68000,0.7935,1.0,0.0,0.0,274.0,0.0,0.0,0,0,9634,0,0,0,0.0,0.0,3.75,0.0,1.0,0.0,0,101.418,101.556,101.418,0.0,15.145,0.0,0,0.0,0.0,0,0,150,0,0,80,60,150,40
228,0,0,3,68000,54245,0,54245,68000,0.7977,1.0,0.0,0.0,286.0,0.0,0.0,0,0,13422,0,0,0,0.0,0.0,3.75,0.0,1.0,0.0,0,101.686,101.812,101.686,0.0,15.07,0.0,0,0.0,0.0,0,0,150,0,0,80,60,150,40
229,0,0,3,68000,54523,0,54523,68000,0.8018,1.0,0.0,0.0,278.0,0.0,0.0,0,0,13494,0,0,0,0.0,0.0,3.75,0.0,1.0,0.0,0,101.938,102.082,101.938,0.0,15.124,0.0,0,0.0,0.0,0,0,150,0,0,80,60,150,40
230,0,0,3,68000,54815,0,54815,68000,0.8061,1.0,0.0,0.0,292.0,0.0,0.0,0,0,13553,0,0,0,0.0,0.0,3.75,0.0,1.0,0.0,0,102.114,102.216,102.114,0.0,15.429,0.0,0,0.0,0.0,0,0,150,0,0,80,60,150,40
231,0,0,3,68000,55095,0,55095,68000,0.8102,1.0,0.0,0.0,280.0,0.0,0.0,0,0,13655,0,0,0,0.0,0.0,3.75,0.0,1.0,0.0,0,102.383,102.56,102.383,0.0,15.752,0.0,0,0.0,0.0,0,0,150,0,0,80,60,150,40
232,0,0,3,68000,55401,0,55401,68000,0.8147,1.0,0.0,0.0,306.0,0.0,0.0,0,0,13735,0,0,0,0.0,0.0,3.75,0.0,1.0,0.0,0,102.686,102.81,102.686,0.0,16.164,0.0,0,0.0,0.0,0,0,150,0,0,80,60,150,40
233,0,0,3,68000,55690,0,55690,68000,0.819,1.0,0.0,0.0,289.0,0.0,0.0,0,0,13805,0,0,0,0.0,0.0,3.75,0.0,1.0,0.0,0,102.922,103.075,102.922,0.0,16.559,0.0,0,0.0,0.0,0,0,150,0,0,80,60,150,40
234,0,0,3,68000,55995,0,55995,68000,0.8235,1.0,0.0,0.0,305.0,0.0,0.0,0,0,13893,0,0,0,0.0,0.0,3.75,0.0,1.0,0.0,0,103.225,103.361,103.225,0.0,17.054,0.0,0,0.0,0.0,0,0,150,0,0,80,60,150,40
235,0,0,3,68000,56267,0,56267,68000,0.8275,1.0,0.0,0.0,272.0,0.0,0.0,0,0,13973,0,0,0,0.0,0.0,3.75,0.0,1.0,0.0,0,103.559,103.729,103.559,0.0,17.57,0.0,0,0.0,0.0,0,0,150,0,0,80,60,150,40
236,0,0,3,68000,56542,0,56542,68000,0.8315,1.0,0.0,0.0,275.0,0.0,0.0,0,0,14035,0,0,0,0.0,0.0,3.75,0.0,1.0,0.0,0,103.923,104.053,103.923,0.0,18.118,0.0,0,0.0,0.0,0,0,150,0,0,80,60,150,40
237,0,0,3,68000,56862,0,56862,68000,0.8362,1.0,0.0,0.0,320.0,0.0,0.0,0,0,14102,0,0,0,0.0,0.0,3.75,0.0,1.0,0.0,0,104.144,104.229,104.144,0.0,18.638,0.0,0,0.0,0.0,0,0,150,0,0,80,60,150,40
238,0,0,3,68000,57138,0,57138,68000,0.8403,1.0,0.0,0.0,276.0,0.0,0.0,0,0,14181,0,0,0,0.0,0.0,3.75,0.0,1.0,0.0,0,104.368,104.536,104.368,0.0,19.043,0.0,0,0.0,0.0,0,0,150,0,0,80,60,150,40
239,0,0,3,68000,57429,0,57429,68000,0.8445,1.0,0.0,0.0,291.0,0.0,0.0,0,0,14275,0,0,0,0.0,0.0,3.75,0.0,1.0,0.0,0,104.69,104.879,104.69,0.0,19.574,0.0,0,0.0,0.0,0,0,150,0,0,80,60,150,40
240,0,0,4,68000,57696,0,57696,68000,0.8485,1.0,0.0,0.0,267.0,0.0,0.0,0,0,14340,0,0,0,0.0,0.0,3.75,0.0,1.0,0.0,0,105.061,105.194,105.061,0.0,19.966,0.0,0,0.0,0.0,0,0,150,0,0,80,60,150,40
241,0,0,4,68000,57995,0,57995,68000,0.8529,1.0,0.0,0.0,299.0,0.0,0.0,0,0,14429,0,0,0,0.0,0.0,3.75,0.0,1.0,0.0,0,105.312,105.419,105.312,0.0,20.47,0.0,0,0.0,0.0,0,0,150,0,0,80,60,150,40
242,0,0,4,68000,58295,0,58295,68000,0.8573,1.0,0.0,0.0,300.0,0.0,0.0,0,0,14481,0,0,0,0.0,0.0,3.75,0.0,1.0,0.0,0,105.548,105.685,105.548,0.0,20.983,0.0,0,0.0,0.0,0,0,150,0,0,80,60,150,40
243,0,0,4,68000,58597,0,58597,68000,0.8617,1.0,0.0,0.0,302.0,0.0,0.0,0,0,14551,0,0,0,0.0,0.0,3.75,0.0,1.0,0.0,0,105.848,106.0,105.848,0.0,21.452,0.0,0,0.0,0.0,0,0,150,0,0,80,60,150,40
244,0,0,4,68000,58878,0,58878,68000,0.8659,1.0,0.0,0.0,281.0,0.0,0.0,0,0,14629,0,0,0,0.0,0.0,3.75,0.0,1.0,0.0,0,106.135,106.279,106.135,0.0,21.914,0.0,0,0.0,0.0,0,0,150,0,0,80,60,150,40
245,0,0,4,68000,59169,0,59169,68000,0.8701,1.0,0.0,0.0,291.0,0.0,0.0,0,0,14715,0,0,0,0.0,0.0,3.75,0.0,1.0,0.0,0,106.398,106.569,106.398,0.0,22.525,0.0,0,0.0,0.0,0,0,150,0,0,80,60,150,40
246,0,0,4,68000,59451,60,59391,67940,0.8743,1.0,0.0009,0.0,282.0,60.0,-60.0,0,0,14794,0,0,0,0.0,0.0,3.75,0.1,1.0,0.0,0,106.63,106.752,106.63,0.0,22.98,0.0,0.0,0.0,0.0,0,0,150,4,0,80,60,150,40
247,0,0,4,68000,59752,118,59634,67882,0.8787,1.0,0.0017,0.0,301.0,58.0,-58.0,0,0,14875,0,0,0,0.0,0.0,3.75,0.175,1.0,0.0,0,106.886,107.054,106.886,0.0,23.472,0.0,0.0,0.0,0.0,0,0,150,7,0,80,60,150,40
248,0,0,4,68000,60057,173,59884,67827,0.8832,1.0,0.0025,0.0,305.0,55.0,-55.0,0,0,14972,0,0,0,0.0,0.0,3.75,0.125,1.0,0.0,0,107.233,107.415,107.233,0.0,24.031,0.0,0.0,0.0,0.0,0,0,150,5,0,80,60,150,40
249,0,0,4,68000,60330,229,60101,67771,0.8872,1.0,0.0034,0.0,273.0,56.0,-56.0,0,0,15039,0,0,0,0.0,0.0,3.75,0.125,0.9987,0.0,0,107.595,107.733,107.595,0.0,24.537,0.0,0.0,0.0,0.0,0,0,150,5,8,80,60,150,40
250,0,0,4,68000,60628,288,60340,67712,0.8916,1.0,0.0042,0.0,298.0,59.0,-59.0,0,0,15118,0,0,0,0.0,0.0,3.75,0.1,0.997,0.0,0,107.852,107.972,107.852,0.0,24.999,0.0,0.0,0.0,0.0,0,0,150,4,18,80,60,150,40
251,0,0,4,68000,60922,366,60556,67634,0.8959,1.0,0.0054,0.0,294.0,78.0,-78.0,0,0,15194,0,0,0,0.0,0.0,3.75,0.1,0.9927,0.0,0,108.149,108.275,108.149,0.0,25.55,0.0,0.0,0.0,0.0,0,0,150,4,44,80,60,150,40
252,0,0,4,68000,61200,448,60752,67552,0.9,1.0,0.0066,0.0,278.0,82.0,-82.0,0,0,15306,0,0,0,0.0,0.0,3.75,0.15,0.988,0.0,0,108.409,108.537,108.409,0.0,26.536,0.0,0.0,0.0,0.0,0,0,150,6,72,80,60,150,40
253,0,0,4,68000,61484,542,60942,67458,0.9042,1.0,0.008,0.0,284.0,94.0,-94.0,0,0,15412,0,0,0,0.0,0.0,3.75,0.1,0.9828,0.0,0,108.627,108.784,108.627,0.0,27.539,0.0,0.0,0.0,0.0,0,0,150,4,103,80,60,150,40
254,0,0,4,68000,61718,646,61072,67354,0.9076,1.0,0.0095,0.0,234.0,104.0,-104.0,0,0,15520,0,0,0,0.0,0.0,3.75,0.075,0.9768,0.0,0,108.85,108.906,108.85,0.0,28.417,0.0,0.0,0.0,0.0,0,0,150,3,139,80,60,150,40
255,0,0,4,68000,61927,739,61188,67261,0.9107,1.0,0.0109,0.0,209.0,93.0,-93.0,0,0,15629,0,0,0,0.0,0.0,3.75,0.075,0.971,0.0,0,0.0,0,0.0,0.0,29.397,0.0,0.0,0.0,0.0,0,0,150,3,174,80,60,150,40
256,0,0,4,68000,62145,841,61304,67159,0.9139,1.0,0.0124,0.0,218.0,102.0,-102.0,0,0,0,0,0,0,0.0,0.0,3.05,0.1,0.9643,0.0,0,0.0,0,0.0,0.0,10.822,0.0,0.0,0.0,0.0,0,0,122,4,214,80,60,132,40
257,0,0,4,68000,62316,942,61374,67058,0.9164,1.0,0.0139,0.0,171.0,101.0,-101.0,0,0,67,0,0,0,0.0,0.0,3.3,0.05,0.9577,0.0,0,0.0,0,0.0,0.0,17.761,0.0,0.0,0.0,0.0,0,0,132,2,254,80,60,132,40
258,0,0,4,68000,62478,1040,61438,66960,0.9188,1.0,0.0153,0.0,162.0,98.0,-98.0,0,0,65,0,0,0,0.0,0.0,3.3,0.175,0.9502,0.0,0,0.0,0,0.0,0.0,17.236,0.0,0.0,0.0,0.0,0,0,132,7,299,80,60,132,40
259,0,0,4,68000,62625,1149,61476,66851,0.921,1.0,0.0169,0.0,147.0,109.0,-109.0,0,0,28,0,0,0,0.0,0.0,3.3,0.125,0.9438,0.0,0,0.0,0,0.0,0.0,15.837,0.0,0.0,0.0,0.0,0,0,132,5,337,80,60,132,40
260,0,0,4,68000,62751,1257,61494,66743,0.9228,1.0,0.0185,0.0,126.0,108.0,-108.0,0,0,0,0,0,0,0.0,0.0,2.575,0.125,0.9372,0.0,0,0.0,0,0.0,0.0,19.937,0.0,0.0,0.0,0.0,0,0,103,5,377,80,60,132,40
261,0,0,4,68000,62873,1300,61573,66700,0.9246,1.0,0.0191,0.0,122.0,43.0,-43.0,0,0,0,0,0,0,0.0,0.0,0.975,0.0,0.9315,0.0,0,0.0,0,0.0,0.0,29.719,0.0,0.0,0.0,0.0,0,0,39,0,411,80,60,132,40
262,0,0,4,68000,62963,1345,61618,66655,0.9259,1.0,0.0198,0.0,90.0,45.0,-45.0,0,0,0,0,0,0,0.0,0.0,0.175,0.0,0.9245,0.0,0,0.0,0,0.0,0.0,33.574,0.0,0.0,0.0,0.0,0,0,7,0,453,80,60,132,40
263,0,0,4,68000,63043,1380,61663,66620,0.9271,1.0,0.0203,0.0,80.0,35.0,-35.0,0,0,0,0,0,0,0.0,0.0,0.15,0.0,0.9195,0.0,0,0.0,0,0.0,0.0,34.335,0.0,0.0,0.0,0.0,0,0,6,0,483,80,60,132,40
264,0,0,4,68000,63077,1425,61652,66575,0.9276,1.0,0.021,0.0,34.0,45.0,-45.0,0,0,0,0,0,0,0.0,0.0,0.05,0.025,0.9135,0.0,0,0.0,0,0.0,0.0,38.235,0.0,0.0,0.0,0.0,0,0,2,1,519,80,60,132,40
265,0,0,4,68000,63100,1446,61654,66554,0.9279,1.0,0.0213,0.0,23.0,21.0,-21.0,0,0,0,0,0,0,0.0,0.0,0.0,0.0,0.9105,0.0,0,0.0,0,0.0,0.0,39.247,0.0,0.0,0.0,0.0,0,0,0,0,537,80,60,132,40
266,0,0,4,68000,63131,1550,61581,66450,0.9284,1.0,0.0228,0.0,31.0,104.0,-104.0,0,0,0,0,0,0,0.0,0.0,0.0,0.8,0.9092,0.0,0,0.0,0,0.0,0.0,40.237,0.001,0.019,0.0,0.0,0,0,0,32,545,80,60,132,40
267,0,0,4,68000,63148,1651,61497,66349,0.9286,1.0,0.0243,0.0,17.0,101.0,-101.0,0,0,0,0,0,0,0.0,0.0,0.0,0.85,0.9088,0.0,0,0.0,0,0.0,0.0,40.62,0.0,0.004,0.0,0.0,0,0,0,34,547,80,60,132,40
268,0,0,4,68000,63160,1756,61404,66244,0.9288,1.0,0.0258,0.0,12.0,105.0,-105.0,0,0,0,0,0,0,0.0,0.0,0.0,0.8,0.9087,0.0,0,0.0,0,0.0,0.0,42.17,0.0,0.004,0.0,0.0,0,0,0,32,548,80,60,132,40
269,0,0,4,68000,63170,1861,61309,66139,0.929,1.0,0.0274,0.0,10.0,105.0,-105.0,0,0,0,0,0,0,0.0,0.0,0.0,0.75,0.9087,0.0,0,0.0,0,0.0,0.0,43.179,0.003,0.047,0.0,0.0,0,0,0,30,548,80,60,132,40
270,0,0,4,68000,63174,1986,61188,66014,0.929,1.0,0.0292,0.0,4.0,125.0,-125.0,0,0,0,0,0,0,0.0,0.0,0.0,0.775,0.9058,0.0,0,0.0,0,0.0,0.0,44.12,0.001,0.019,0.0,0.0,0,0,0,31,565,80,60,132,40
271,0,0,4,68000,63180,2254,60926,65746,0.9291,1.0,0.0331,0.0,6.0,268.0,-268.0,0,0,0,30,0,0,0.0,0.0,0.0,1.0,0.8982,0.0,0,0.0,0,0.0,0.0,45.214,0.036,0.102,0.0,0.0,0,0,0,40,611,80,60,150,40
272,0,0,4,68000,63185,2577,60608,65423,0.9292,1.0,0.0379,0.0,5.0,323.0,-323.0,0,0,0,61,0,0,0.0,0.0,0.0,1.0,0.8807,0.0,0,0.0,0,0.0,0.0,46.073,0.104,0.166,0.0,0.0,0,0,0,40,716,80,60,150,40
273,0,0,4,68000,63188,2929,60259,65071,0.9292,1.0,0.0431,0.0,3.0,352.0,-352.0,0,0,0,111,0,0,0.0,0.0,0.0,1.0,0.8592,0.0,0,0.0,0,0.0,0.0,47.157,0.178,0.25,0.0,0.0,0,0,0,40,845,80,60,150,40
274,0,0,4,68000,63193,3298,59895,64702,0.9293,1.0,0.0485,0.0,5.0,369.0,-369.0,0,0,0,142,0,0,0.0,0.0,0.0,1.0,0.8352,0.0,0,0.0,0,0.0,0.0,48.041,0.254,0.303,0.0,0.0,0,0,0,40,989,80,60,150,40
275,0,0,4,68000,63197,3699,59498,64301,0.9294,1.0,0.0544,0.0,4.0,401.0,-401.0,0,0,0,167,0,0,0.0,0.0,0.0,1.0,0.8055,0.0,0,0.0,0,0.0,0.0,49.077,0.349,0.402,0.0,0.0,0,0,0,40,1167,80,60,150,40
276,0,0,4,68000,63199,4137,59062,63863,0.9294,1.0,0.0608,0.0,2.0,438.0,-438.0,0,0,0,0,0,0,0.0,0.0,0.0,0.2,0.7733,0.0,0,0.0,0,0.0,0.0,50.053,0.208,0.367,0.0,0.0,0,0,0,8,1360,80,60,150,40
277,0,0,4,68000,63203,4509,58694,63491,0.9295,1.0,0.0663,0.0,4.0,372.0,-372.0,0,0,0,0,0,0,0.0,0.0,0.0,0.475,0.737,0.0,0,0.0,0,0.0,0.0,51.002,0.0,0.0,0.0,0.0,0,0,0,19,1578,80,60,150,40
278,0,0,4,68000,63207,4885,58322,63115,0.9295,1.0,0.0718,0.0,4.0,376.0,-376.0,0,0,0,0,0,0,0.0,0.0,0.0,0.175,0.6995,0.0,0,0.0,0,0.0,0.0,52.036,0.0,0.0,0.0,0.0,0,0,0,7,1803,80,60,150,40
279,0,0,4,68000,63215,5256,57959,62744,0.9296,1.0,0.0773,0.0,8.0,371.0,-371.0,0,0,0,0,0,0,0.0,0.0,0.0,0.225,0.6612,0.0,0,0.0,0,0.0,0.0,53.062,0.0,0.0,0.0,0.0,0,0,0,9,2033,80,60,150,40
280,0,0,4,68000,63218,5636,57582,62364,0.9297,1.0,0.0829,0.0,3.0,380.0,-380.0,0,0,0,0,0,0,0.0,0.0,0.0,0.375,0.6218,0.0,0,0.0,0,0.0,0.0,53.966,0.0,0.0,0.0,0.0,0,0,0,15,2269,80,60,150,40
281,0,0,4,68000,63221,5875,57346,62125,0.9297,1.0,0.0864,0.0,3.0,239.0,-239.0,0,0,0,0,0,0,0.0,0.0,0.0,0.0,0.5852,0.0,0,0.0,0,0.0,0.0,54.994,0.0,0.0,0.0,0.0,0,0,0,0,2489,80,60,150,40
282,0,0,4,68000,63223,6038,57185,61962,0.9297,1.0,0.0888,0.0,2.0,163.0,-163.0,0,0,0,0,0,0,0.0,0.0,0.0,0.025,0.5588,0.0,0,0.0,0,0.0,0.0,55.934,0.0,0.0,0.0,0.0,0,0,0,1,2647,80,60,150,40
283,0,0,4,68000,63223,6169,57054,61831,0.9297,1.0,0.0907,0.0,0.0,131.0,-131.0,0,0,0,0,0,0,0.0,0.0,0.0,0.05,0.5373,0.0,0,0.0,0,0.0,0.0,56.986,0.0,0.0,0.0,0.0,0,0,0,2,2776,80,60,150,40
284,0,0,4,68000,63226,6262,56964,61738,0.9298,1.0,0.0921,0.0,3.0,93.0,-93.0,0,0,0,0,0,0,0.0,0.0,0.0,0.0,0.5223,0.0,0,0.0,0,0.0,0.0,57.935,0.0,0.0,0.0,0.0,0,0,0,0,2866,80,60,150,40
285,0,0,4,68000,63230,6319,56911,61681,0.9299,1.0,0.0929,0.0,4.0,57.0,-57.0,0,0,0,0,0,0,0.0,0.0,0.0,0.025,0.5135,0.0,0,0.0,0,0.0,0.0,58.891,0.0,0.0,0.0,0.0,0,0,0,1,2919,80,60,150,40
286,0,0,4,68000,63234,6345,56889,61655,0.9299,1.0,0.0933,0.0,4.0,26.0,-26.0,0,0,0,0,0,0,0.0,0.0,0.0,0.025,0.5097,0.0,0,0.0,0,0.0,0.0,59.851,0.0,0.0,0.0,0.0,0,0,0,1,2942,80,60,150,40
287,0,0,4,68000,63239,6356,56883,61644,0.93,1.0,0.0935,0.0,5.0,11.0,-11.0,0,0,0,0,0,0,0.0,0.0,0.0,0.0,0.509,0.0,0,0.0,0,0.0,0.0,60.878,0.0,0.0,0.0,0.0,0,0,0,0,2946,80,60,150,40
288,0,0,4,68000,63239,6362,56877,61638,0.93,1.0,0.0936,0.0,0.0,6.0,-6.0,0,0,0,0,0,0,0.0,0.0,0.0,0.0,0.5085,0.0,0,0.0,0,0.0,0.0,61.814,0.0,0.0,0.0,0.0,0,0,0,0,2949,80,60,150,40
289,0,0,4,68000,63240,6371,56869,61629,0.93,1.0,0.0937,0.0,1.0,9.0,-9.0,0,0,0,0,0,0,0.0,0.0,0.0,0.0,0.5077,0.0,0,0.0,0,0.0,0.0,62.787,0.0,0.0,0.0,0.0,0,0,0,0,2954,80,60,150,40
290,0,0,4,68000,63244,6376,56868,61624,0.9301,1.0,0.0938,0.0,4.0,5.0,-5.0,0,0,0,0,0,0,0.0,0.0,0.0,0.0,0.5075,0.0,0,0.0,0,0.0,0.0,63.795,0.0,0.0,0.0,0.0,0,0,0,0,2955,80,60,150,40
291,0,0,4,68000,63247,6621,56626,61379,0.9301,1.0,0.0974,0.0,3.0,245.0,-245.0,0,0,0,1781,0,0,0.0,0.0,0.0,1.0,0.5072,0.0,0,0.0,0,0.0,0.0,64.846,0.369,0.774,0.0,0.0,0,0,0,40,2957,80,60,150,40
292,0,0,4,68000,63254,6917,56337,61083,0.9302,1.0,0.1017,0.0,7.0,296.0,-296.0,0,0,0,3516,0,0,0.0,0.0,0.0,1.0,0.5065,0.0,0,0.0,0,0.0,0.0,65.701,1.15,1.537,0.0,0.0,0,0,0,40,2961,80,60,150,40
293,0,0,4,68000,63257,7170,56087,60830,0.9303,1.0,0.1054,0.0,3.0,253.0,-253.0,0,0,0,5251,0,0,0.0,0.0,0.0,1.0,0.5058,0.0,0,0.0,0,0.0,0.0,66.81,1.93,2.32,0.0,0.0,0,0,0,40,2965,80,60,150,40
294,0,0,4,68000,63261,7448,55813,60552,0.9303,1.0,0.1095,0.0,4.0,278.0,-278.0,0,0,0,0,0,0,0.0,0.0,0.0,0.0,0.5013,0.0,0,0.0,0,0.0,0.0,67.707,2.716,3.114,0.0,0.0,0,0,0,0,2992,80,60,150,45
295,0,0,4,68000,63265,8063,55202,59937,0.9304,1.0,0.1186,0.0,4.0,615.0,-615.0,0,0,0,1709,0,0,0.0,0.0,0.0,1.125,0.4872,0.0,0,0.0,0,0.0,0.0,68.717,1.79,3.923,0.0,0.0,0,0,0,45,3077,80,60,150,45
296,0,0,4,68000,63270,8734,54536,59266,0.9304,1.0,0.1284,0.0,5.0,671.0,-671.0,0,0,0,0,0,0,0.0,0.0,0.0,0.0,0.4665,0.0,0,0.0,0,0.0,0.0,69.719,2.668,4.671,0.0,0.0,0,0,0,0,3201,80,60,150,50
297,0,0,4,68000,63271,9840,53431,58160,0.9305,1.0,0.1447,0.0,1.0,1106.0,-1106.0,0,0,0,1819,0,0,0.0,0.0,0.0,1.25,0.4312,0.0,0,0.0,0,0.0,0.0,70.668,2.231,5.434,0.0,0.0,0,0,0,50,3413,80,60,150,50
298,0,0,4,68000,63273,10906,52367,57094,0.9305,1.0,0.1604,0.0,2.0,1066.0,-1066.0,0,0,0,0,0,0,0.0,0.0,0.0,0.0,0.3898,0.0,0,0.0,0,0.0,0.0,71.705,2.974,6.213,0.0,0.0,0,0,0,0,3661,80,60,150,55
299,0,0,4,68000,63274,12458,50816,55542,0.9305,1.0,0.1832,0.0,1.0,1552.0,-1552.0,0,0,0,1747,0,0,0.0,0.0,0.0,1.375,0.333,0.0,0,0.0,0,0.0,0.0,72.586,2.597,7.004,0.0,0.0,0,0,0,55,4002,80,60,150,55
300,0,0,4,68000,63276,14082,49194,53918,0.9305,1.0,0.2071,0.0,2.0,1624.0,-1624.0,0,0,0,0,0,0,0.0,0.0,0.0,0.0,0.2583,0.0,0,0.0,0,0.0,0.0,73.745,3.322,7.778,0.0,0.0,0,0,0,0,4450,80,60,150,60
301,0,0,4,68000,63278,16309,46969,51691,0.9306,1.0,0.2398,0.0,2.0,2227.0,-2227.0,0,0,0,1680,0,0,0.0,0.0,0.0,1.5,0.1462,0.0,0,0.0,0,0.0,0.0,74.625,3.095,8.561,0.0,0.0,0,0,0,60,5123,80,60,150,60
302,0,0,4,68000,63280,18715,44565,49285,0.9306,1.0,0.2752,0.0,2.0,2406.0,-2406.0,0,0,0,3426,0,0,0.0,0.0,0.0,1.5,0.0093,0.0,0,0.0,0,0.0,0.0,75.675,3.848,9.336,0.0,0.0,0,0,0,60,5944,80,60,150,60
303,0,0,4,68000,63284,21348,41936,46652,0.9306,1.0,0.3139,0.0,4.0,2633.0,-2633.0,0,0,0,5157,0,0,0.0,0.0,0.0,1.5,0.0,0.0,0,0.0,0,0.0,0.0,76.57,4.252,10.126,0.0,0.0,0,0,0,60,6000,80,60,150,60
304,0,0,4,68000,63285,23945,39340,44055,0.9307,1.0,0.3521,0.0,1.0,2597.0,-2597.0,0,0,0,6833,0,0,0.0,0.0,0.0,1.5,0.0,0.0,0,0.0,0,0.0,0.0,77.544,4.758,10.901,0.0,0.0,0,0,0,60,6000,80,60,150,60
305,0,0,4,68000,63289,26393,36896,41607,0.9307,1.0,0.3881,0.0,4.0,2448.0,-2448.0,0,0,0,8540,0,0,0.0,0.0,0.0,1.5,0.0,0.0,0,0.0,0,0.0,0.0,78.563,5.536,11.668,0.0,0.0,0,0,0,60,6000,80,60,150,60
306,0,0,4,68000,63295,28465,34830,39535,0.9308,1.0,0.4186,0.0,6.0,2072.0,-2072.0,0,0,0,8563,0,0,0.0,0.0,0.0,1.5,0.0,0.0,0,0.0,0,0.0,0.0,79.507,6.595,12.462,0.0,0.0,0,0,0,60,6000,80,60,150,60
307,0,0,4,68000,63297,30508,32789,37492,0.9308,1.0,0.4486,0.0,2.0,2043.0,-2043.0,0,0,0,8694,0,0,0.0,0.0,0.0,1.5,0.0,0.0,0,0.0,0,0.0,0.0,80.542,7.609,13.257,0.0,0.0,0,0,0,60,6000,80,60,150,60
308,0,0,4,68000,63298,32461,30837,35539,0.9309,1.0,0.4774,0.0,1.0,1953.0,-1953.0,0,0,0,8773,0,0,0.0,0.0,0.0,1.5,0.0,0.0,0,0.0,0,0.0,0.0,81.49,8.203,14.056,0.0,0.0,0,0,0,60,6000,80,60,150,60
309,0,0,4,68000,63298,34043,29255,33957,0.9309,1.0,0.5006,0.0,0.0,1582.0,-1582.0,0,0,0,8815,0,0,0.0,0.0,0.0,1.5,0.0,0.0,0,0.0,0,0.0,0.0,82.428,6.636,14.245,0.0,0.0,0,0,0,60,6000,80,60,150,60
310,0,0,4,68000,63301,35401,27900,32599,0.9309,1.0,0.5206,0.0,3.0,1358.0,-1358.0,0,0,0,8844,0,0,0.0,0.0,0.0,1.5,0.0,0.0,0,0.0,0,0.0,0.0,83.517,6.14,6.844,0.0,0.0,0,0,0,60,6000,80,60,150,60
311,0,0,4,68000,63303,36617,26686,31383,0.9309,1.0,0.5385,0.0,2.0,1216.0,-1216.0,0,0,0,8668,0,0,0.0,0.0,0.0,1.5,0.0,0.0,0,0.0,0,0.0,0.0,84.464,6.786,7.511,0.0,0.0,0,0,0,60,6000,80,60,150,60
312,0,0,4,68000,63305,37709,25596,30291,0.931,1.0,0.5545,0.0,2.0,1092.0,-1092.0,0,0,0,8559,0,0,0.0,0.0,0.0,1.5,0.0,0.0,0,0.0,0,0.0,0.0,85.474,7.333,8.194,0.0,0.0,0,0,0,60,6000,80,60,150,60
313,0,0,4,68000,63307,38732,24575,29268,0.931,1.0,0.5696,0.0,2.0,1023.0,-1023.0,0,0,0,8407,0,0,0.0,0.0,0.0,1.5,0.0,0.0,0,0.0,0,0.0,0.0,86.417,7.953,8.857,0.0,0.0,0,0,0,60,6000,80,60,150,60
314,0,0,4,68000,63309,39636,23673,28364,0.931,1.0,0.5829,0.0,2.0,904.0,-904.0,0,0,0,8210,0,0,0.0,0.0,0.0,1.5,0.0,0.0,0,0.0,0,0.0,0.0,87.373,8.556,9.527,0.0,0.0,0,0,0,60,6000,80,60,150,60
315,0,0,4,68000,63312,40512,22800,27488,0.9311,1.0,0.5958,0.0,3.0,876.0,-876.0,0,0,0,8006,0,0,0.0,0.0,0.0,1.5,0.0,0.0,0,0.0,0,0.0,0.0,88.416,9.161,10.214,0.0,0.0,0,0,0,60,6000,80,60,150,60
316,0,0,4,68000,63312,41343,21969,26657,0.9311,1.0,0.608,0.0,0.0,831.0,-831.0,0,0,0,7847,0,0,0.0,0.0,0.0,1.5,0.0,0.0,0,0.0,0,0.0,0.0,89.359,9.421,10.678,0.0,0.0,0,0,0,60,6000,80,60,150,60
317,0,0,4,68000,63318,42231,21087,25769,0.9311,1.0,0.621,0.0,6.0,888.0,-888.0,0,0,0,7615,0,0,0.0,0.0,0.0,1.5,0.0,0.0,0,0.0,0,0.0,0.0,90.411,8.745,10.668,0.0,0.0,0,0,0,60,6000,80,60,150,60
318,0,0,4,68000,63321,43175,20146,24825,0.9312,1.0,0.6349,0.0,3.0,944.0,-944.0,0,0,0,7356,0,0,0.0,0.0,0.0,1.5,0.0,0.0,0,0.0,0,0.0,0.0,91.296,8.753,10.676,0.0,0.0,0,0,0,60,6000,80,60,150,60
319,0,0,4,68000,63325,44034,19291,23966,0.9313,1.0,0.6476,0.0,4.0,859.0,-859.0,0,0,0,7166,0,0,0.0,0.0,0.0,1.5,0.0,0.0,0,0.0,0,0.0,0.0,92.349,8.719,10.721,0.0,0.0,0,0,0,60,6000,80,60,150,60
320,0,0,4,68000,63326,44938,18388,23062,0.9313,1.0,0.6609,0.0,1.0,904.0,-904.0,0,0,0,6982,0,0,0.0,0.0,0.0,1.5,0.0,0.0,0,0.0,0,0.0,0.0,93.329,8.644,10.704,0.0,0.0,0,0,0,60,6000,80,60,150,60
321,0,0,4,68000,63330,45736,17594,22264,0.9313,1.0,0.6726,0.0,4.0,798.0,-798.0,0,0,0,6622,0,0,0.0,0.0,0.0,1.5,0.0,0.0,0,0.0,0,0.0,0.0,94.33,9.355,10.699,0.0,0.0,0,0,0,60,6000,80,60,150,60
322,0,0,4,68000,63334,46476,16858,21524,0.9314,1.0,0.6835,0.0,4.0,740.0,-740.0,0,0,0,6231,0,0,0.0,0.0,0.0,1.5,0.0,0.0,0,0.0,0,0.0,0.0,95.26,10.516,10.62,0.0,0.0,0,0,0,60,6000,80,60,150,60
323,0,0,4,68000,63335,47142,16193,20858,0.9314,1.0,0.6933,0.0,1.0,666.0,-666.0,0,0,0,5937,0,0,0.0,0.0,0.0,1.5,0.0,0.0,0,0.0,0,0.0,0.0,96.292,10.432,10.475,0.0,0.0,0,0,0,60,6000,80,60,150,60
324,0,0,4,68000,63337,47835,15502,20165,0.9314,1.0,0.7035,0.0,2.0,693.0,-693.0,0,0,0,5611,0,0,0.0,0.0,0.0,1.5,0.0,0.0,0,0.0,0,0.0,0.0,97.209,10.316,10.404,0.0,0.0,0,0,0,60,6000,80,60,150,60
325,0,0,4,68000,63341,48551,14790,19449,0.9315,1.0,0.714,0.0,4.0,716.0,-716.0,0,0,0,5265,0,0,0.0,0.0,0.0,1.5,0.0,0.0,0,0.0,0,0.0,0.0,98.187,10.103,10.241,0.0,0.0,0,0,0,60,6000,80,60,150,60
326,0,0,4,68000,63347,49222,14125,18778,0.9316,1.0,0.7239,0.0,6.0,671.0,-671.0,0,0,0,4683,0,0,0.0,0.0,0.0,1.5,0.0,0.0,0,0.0,0,0.0,0.0,99.165,9.883,9.962,0.0,0.0,0,0,0,60,6000,80,60,150,60
327,0,0,4,68000,63351,49956,13395,18044,0.9316,1.0,0.7346,0.0,4.0,734.0,-734.0,0,0,0,4059,0,0,0.0,0.0,0.0,1.5,0.0,0.0,0,0.0,0,0.0,0.0,100.186,9.779,9.869,0.0,0.0,0,0,0,60,6000,80,60,150,60
328,0,0,4,68000,63354,50704,12650,17296,0.9317,1.0,0.7456,0.0,3.0,748.0,-748.0,0,0,0,3486,0,0,0.0,0.0,0.0,1.5,0.0,0.0,0,0.0,0,0.0,0.0,101.166,9.582,9.679,0.0,0.0,0,0,0,60,6000,80,60,150,60
329,0,0,4,68000,63356,51410,11946,16590,0.9317,1.0,0.756,0.0,2.0,706.0,-706.0,0,0,0,2905,0,0,0.0,0.0,0.0,1.5,0.0,0.0,0,0.0,0,0.0,0.0,102.101,9.438,9.493,0.0,0.0,0,0,0,60,6000,80,60,150,60
330,0,0,4,68000,63357,52139,11218,15861,0.9317,1.0,0.7668,0.0,1.0,729.0,-729.0,0,0,0,2403,0,0,0.0,0.0,0.0,1.5,0.0,0.0,0,0.0,0,0.0,0.0,103.079,9.291,9.406,0.0,0.0,0,0,0,60,6000,80,60,150,60
331,0,0,4,68000,63361,52777,10584,15223,0.9318,1.0,0.7761,0.0,4.0,638.0,-638.0,0,0,0,1953,0,0,0.0,0.0,0.0,1.5,0.0,0.0,0,0.0,0,0.0,0.0,104.084,8.8,9.105,0.0,0.0,0,0,0,60,6000,80,60,150,60
332,0,0,4,68000,63363,53425,9938,14575,0.9318,1.0,0.7857,0.0,2.0,648.0,-648.0,0,0,0,1491,0,0,0.0,0.0,0.0,1.5,0.0,0.0,0,0.0,0,0.0,0.0,105.078,8.368,8.557,0.0,0.0,0,0,0,60,6000,80,60,150,60
333,0,0,4,68000,63365,54089,9276,13911,0.9318,1.0,0.7954,0.0,2.0,664.0,-664.0,0,0,0,1042,0,0,0.0,0.0,0.0,1.5,0.0,0.0,0,0.0,0,0.0,0.0,106.068,7.877,8.163,0.0,0.0,0,0,0,60,6000,80,60,150,60
334,0,0,4,68000,63366,55077,8289,12923,0.9319,1.0,0.81,0.0,1.0,988.0,-988.0,0,0,0,0,0,0,0.0,0.0,0.0,1.2,0.0,0.0,0,0.0,0,0.0,0.0,107.113,3.572,7.059,0.0,0.0,0,0,0,48,6000,80,60,150,60
335,0,0,4,68000,63366,55476,7890,12524,0.9319,1.0,0.8158,0.0,0.0,399.0,-399.0,0,0,0,0,0,0,0.0,0.0,0.0,0.175,0.0,0.0,0,0.0,0,0.0,0.0,108.009,0.0,0.0,0.0,0.0,0,0,0,7,6000,80,60,150,60
336,0,0,4,68000,63367,55857,7510,12143,0.9319,1.0,0.8214,0.0,1.0,381.0,-381.0,0,0,0,0,0,0,0.0,0.0,0.0,0.25,0.0,0.0,0,0.0,0,0.0,0.0,109.007,0.0,0.0,0.0,0.0,0,0,0,10,6000,80,60,150,60
337,0,0,4,68000,63368,56307,7061,11693,0.9319,1.0,0.828,0.0,1.0,450.0,-450.0,0,0,0,0,0,0,0.0,0.0,0.0,0.25,0.0,0.0,0,0.0,0,0.0,0.0,109.932,0.0,0.0,0.0,0.0,0,0,0,10,6000,80,60,150,60
338,0,0,4,68000,63369,56826,6543,11174,0.9319,1.0,0.8357,0.0,1.0,519.0,-519.0,0,0,0,0,0,0,0.0,0.0,0.0,0.2,0.0,0.0,0,0.0,0,0.0,0.0,110.962,0.0,0.0,0.0,0.0,0,0,0,8,6000,80,60,150,60
339,0,0,4,68000,63370,57274,6096,10726,0.9319,1.0,0.8423,0.0,1.0,448.0,-448.0,0,0,0,0,0,0,0.0,0.0,0.0,0.275,0.0,0.0,0,0.0,0,0.0,0.0,111.992,0.0,0.0,0.0,0.0,0,0,0,11,6000,80,60,150,60
340,0,0,4,68000,63375,57610,5765,10390,0.932,1.0,0.8472,0.0,5.0,336.0,-336.0,0,0,0,0,0,0,0.0,0.0,0.0,0.125,0.0,0.0,0,0.0,0,0.0,0.0,112.936,0.0,0.0,0.0,0.0,0,0,0,5,6000,80,60,150,60
341,0,0,4,68000,63377,57748,5629,10252,0.932,1.0,0.8492,0.0,2.0,138.0,-138.0,0,0,0,0,0,0,0.0,0.0,0.0,0.075,0.0,0.0,0,0.0,0,0.0,0.0,113.914,0.0,0.0,0.0,0.0,0,0,0,3,6000,80,60,150,60
342,0,0,4,68000,63381,57832,5549,10168,0.9321,1.0,0.8505,0.0,4.0,84.0,-84.0,0,0,0,0,0,0,0.0,0.0,0.0,0.15,0.0,0.0,0,0.0,0,0.0,0.0,114.93,0.0,0.0,0.0,0.0,0,0,0,6,6000,80,60,150,60
343,0,0,4,68000,63382,57919,5463,10081,0.9321,1.0,0.8518,0.0,1.0,87.0,-87.0,0,0,0,0,0,0,0.0,0.0,0.0,0.075,0.0,0.0,0,0.0,0,0.0,0.0,115.881,0.0,0.0,0.0,0.0,0,0,0,3,6000,80,60,150,60
344,0,0,4,68000,63385,58013,5372,9987,0.9321,1.0,0.8531,0.0,3.0,94.0,-94.0,0,0,0,0,0,0,0.0,0.0,0.0,0.175,0.0,0.0,0,0.0,0,0.0,0.0,116.887,0.0,0.0,0.0,0.0,0,0,0,7,6000,80,60,150,60
345,0,0,4,68000,63389,58099,5290,9901,0.9322,1.0,0.8544,0.0,4.0,86.0,-86.0,0,0,0,0,0,0,0.0,0.0,0.0,0.075,0.0,0.0,0,0.0,0,0.0,0.0,117.878,0.0,0.0,0.0,0.0,0,0,0,3,6000,80,60,150,60
346,0,0,4,68000,63390,58175,5215,9825,0.9322,1.0,0.8555,0.0,1.0,76.0,-76.0,0,0,0,0,0,0,0.0,0.0,0.0,0.175,0.0,0.0,0,0.0,0,0.0,0.0,118.882,0.0,0.0,0.0,0.0,0,0,0,7,6000,80,60,150,60
347,0,0,4,68000,63393,58248,5145,9752,0.9323,1.0,0.8566,0.0,3.0,73.0,-73.0,0,0,0,0,0,0,0.0,0.0,0.0,0.1,0.0,0.0,0,0.0,0,0.0,0.0,119.816,0.0,0.0,0.0,0.0,0,0,0,4,6000,80,60,150,60
348,0,0,4,68000,63395,58319,5076,9681,0.9323,1.0,0.8576,0.0,2.0,71.0,-71.0,0,0,0,0,0,0,0.0,0.0,0.0,0.1,0.0,0.0,0,0.0,0,0.0,0.0,120.821,0.0,0.0,0.0,0.0,0,0,0,4,6000,80,60,150,60
349,0,0,4,68000,63399,58394,5005,9606,0.9323,1.0,0.8587,0.0,4.0,75.0,-75.0,0,0,0,0,0,0,0.0,0.0,0.0,0.1,0.0,0.0,0,0.0,0,0.0,0.0,121.82,0.0,0.0,0.0,0.0,0,0,0,4,6000,80,60,150,60
350,0,0,4,68000,63404,58454,4950,9546,0.9324,1.0,0.8596,0.0,5.0,60.0,-60.0,0,0,0,0,0,0,0.0,0.0,0.0,0.05,0.0,0.0,0,0.0,0,0.0,0.0,122.75,0.0,0.0,0.0,0.0,0,0,0,2,6000,80,60,150,60
351,0,0,4,68000,63407,58543,4864,9457,0.9325,1.0,0.8609,0.0,3.0,89.0,-89.0,0,0,0,0,0,0,0.0,0.0,0.0,0.075,0.0,0.0,0,0.0,0,0.0,0.0,123.729,0.0,0.0,0.0,0.0,0,0,0,3,6000,80,60,150,60
352,0,0,4,68000,63409,58611,4798,9389,0.9325,1.0,0.8619,0.0,2.0,68.0,-68.0,0,0,0,0,0,0,0.0,0.0,0.0,0.025,0.0,0.0,0,0.0,0,0.0,0.0,124.761,0.0,0.0,0.0,0.0,0,0,0,1,6000,80,60,150,60
353,0,0,4,68000,63414,58654,4760,9346,0.9326,1.0,0.8626,0.0,5.0,43.0,-43.0,0,0,0,0,0,0,0.0,0.0,0.0,0.1,0.0,0.0,0,0.0,0,0.0,0.0,125.746,0.0,0.0,0.0,0.0,0,0,0,4,6000,80,60,150,60
354,0,0,4,68000,63415,58720,4695,9280,0.9326,1.0,0.8635,0.0,1.0,66.0,-66.0,0,0,0,0,0,0,0.0,0.0,0.0,0.125,0.0,0.0,0,0.0,0,0.0,0.0,126.708,0.0,0.0,0.0,0.0,0,0,0,5,6000,80,60,150,60
355,0,0,4,68000,63417,58785,4632,9215,0.9326,1.0,0.8645,0.0,2.0,65.0,-65.0,0,0,0,0,0,0,0.0,0.0,0.0,0.025,0.0,0.0,0,0.0,0,0.0,0.0,127.688,0.0,0.0,0.0,0.0,0,0,0,1,6000,80,60,150,60
356,0,0,4,68000,63424,58848,4576,9152,0.9327,1.0,0.8654,0.0,7.0,63.0,-63.0,0,0,0,0,0,0,0.0,0.0,0.0,0.1,0.0,0.0,0,0.0,0,0.0,0.0,128.7,0.0,0.0,0.0,0.0,0,0,0,4,6000,80,60,150,60
357,0,0,4,68000,63428,58913,4515,9087,0.9328,1.0,0.8664,0.0,4.0,65.0,-65.0,0,0,0,0,0,0,0.0,0.0,0.0,0.125,0.0,0.0,0,0.0,0,0.0,0.0,129.674,0.0,0.0,0.0,0.0,0,0,0,5,6000,80,60,150,60
358,0,0,4,68000,63430,58974,4456,9026,0.9328,1.0,0.8673,0.0,2.0,61.0,-61.0,0,0,0,0,0,0,0.0,0.0,0.0,0.125,0.0,0.0,0,0.0,0,0.0,0.0,130.619,0.0,0.0,0.0,0.0,0,0,0,5,6000,80,60,150,60
359,0,0,4,68000,63432,59045,4387,8955,0.9328,1.0,0.8683,0.0,2.0,71.0,-71.0,0,0,0,0,0,0,0.0,0.0,0.0,0.075,0.0,0.0,0,0.0,0,0.0,0.0,131.623,0.0,0.0,0.0,0.0,0,0,0,3,6000,80,60,150,60
360,0,0,4,68000,63434,59109,4325,8891,0.9329,1.0,0.8692,0.0,2.0,64.0,-64.0,0,0,0,0,0,0,0.0,0.0,0.0,0.1,0.0,0.0,0,0.0,0,0.0,0.0,132.556,0.0,0.0,0.0,0.0,0,0,0,4,6000,80,60,150,60
361,0,0,4,68000,63438,59184,4254,8816,0.9329,1.0,0.8704,0.0,4.0,75.0,-75.0,0,0,0,0,0,0,0.0,0.0,0.0,0.05,0.0,0.0,0,0.0,0,0.0,0.0,133.561,0.0,0.0,0.0,0.0,0,0,0,2,6000,80,60,150,60
362,0,0,4,68000,63441,59244,4197,8756,0.933,1.0,0.8712,0.0,3.0,60.0,-60.0,0,0,0,0,0,0,0.0,0.0,0.0,0.15,0.0,0.0,0,0.0,0,0.0,0.0,134.543,0.0,0.0,0.0,0.0,0,0,0,6,6000,80,60,150,60
363,0,0,4,68000,63444,59323,4121,8677,0.933,1.0,0.8724,0.0,3.0,79.0,-79.0,0,0,0,0,0,0,0.0,0.0,0.0,0.125,0.0,0.0,0,0.0,0,0.0,0.0,135.594,0.0,0.0,0.0,0.0,0,0,0,5,6000,80,60,150,60
364,0,0,4,68000,63446,59393,4053,8607,0.933,1.0,0.8734,0.0,2.0,70.0,-70.0,0,0,0,0,0,0,0.0,0.0,0.0,0.05,0.0,0.0,0,0.0,0,0.0,0.0,136.539,0.0,0.0,0.0,0.0,0,0,0,2,6000,80,60,150,60
365,0,0,4,68000,63451,59449,4002,8551,0.9331,1.0,0.8742,0.0,5.0,56.0,-56.0,0,0,0,0,0,0,0.0,0.0,0.0,0.2,0.0,0.0,0,0.0,0,0.0,0.0,137.5,0.0,0.0,0.0,0.0,0,0,0,8,6000,80,60,150,60
366,0,0,4,68000,63453,59518,3935,8482,0.9331,1.0,0.8753,0.0,2.0,69.0,-69.0,0,0,0,0,0,0,0.0,0.0,0.0,0.025,0.0,0.0,0,0.0,0,0.0,0.0,138.502,0.0,0.0,0.0,0.0,0,0,0,1,6000,80,60,150,60
367,0,0,4,68000,63456,59589,3867,8411,0.9332,1.0,0.8763,0.0,3.0,71.0,-71.0,0,0,0,0,0,0,0.0,0.0,0.0,0.1,0.0,0.0,0,0.0,0,0.0,0.0,139.428,0.0,0.0,0.0,0.0,0,0,0,4,6000,80,60,150,60
368,0,0,4,68000,63462,59665,3797,8335,0.9333,1.0,0.8774,0.0,6.0,76.0,-76.0,0,0,0,0,0,0,0.0,0.0,0.0,0.05,0.0,0.0,0,0.0,0,0.0,0.0,140.469,0.0,0.0,0.0,0.0,0,0,0,2,6000,80,60,150,60
369,0,0,4,68000,63465,59719,3746,8281,0.9333,1.0,0.8782,0.0,3.0,54.0,-54.0,0,0,0,0,0,0,0.0,0.0,0.0,0.075,0.0,0.0,0,0.0,0,0.0,0.0,141.429,0.0,0.0,0.0,0.0,0,0,0,3,6000,80,60,150,60
370,0,0,4,68000,63468,59795,3673,8205,0.9334,1.0,0.8793,0.0,3.0,76.0,-76.0,0,0,0,0,0,0,0.0,0.0,0.0,0.175,0.0,0.0,0,0.0,0,0.0,0.0,142.46,0.0,0.0,0.0,0.0,0,0,0,7,6000,80,58,150,60
371,0,0,4,68000,63473,59857,3616,8143,0.9334,1.0,0.8802,0.0,5.0,62.0,-62.0,0,0,0,0,0,0,0.0,0.0,0.0,0.1,0.0,0.0,0,0.0,0,0.0,0.0,143.384,0.0,0.0,0.0,0.0,0,0,0,4,6000,80,58,150,60
372,0,0,4,68000,63476,59925,3551,8075,0.9335,1.0,0.8812,0.0,3.0,68.0,-68.0,0,0,0,0,0,0,0.0,0.0,0.0,0.15,0.0,0.0,0,0.0,0,0.0,0.0,144.438,0.0,0.0,0.0,0.0,0,0,0,6,6000,80,58,150,60
373,0,0,4,68000,63480,59996,3484,8004,0.9335,1.0,0.8823,0.0,4.0,71.0,-71.0,0,0,0,0,0,0,0.0,0.0,0.0,0.075,0.0,0.0,0,0.0,0,0.0,0.0,145.301,0.0,0.0,0.0,0.0,0,0,0,3,6000,80,58,150,60
374,0,0,4,68000,63482,60065,3417,7935,0.9336,1.0,0.8833,0.0,2.0,69.0,-69.0,0,0,0,0,0,0,0.0,0.0,0.0,0.075,0.0,0.0,0,0.0,0,0.0,0.0,146.376,0.0,0.0,0.0,0.0,0,0,0,3,6000,80,58,150,60
375,0,0,4,68000,63482,60123,3359,7877,0.9336,1.0,0.8842,0.0,0.0,58.0,-58.0,0,0,0,0,0,0,0.0,0.0,0.0,0.0,0.0,0.0,0,0.0,0,0.0,0.0,147.293,0.0,0.0,0.0,0.0,0,0,0,0,6000,80,58,150,60
376,0,0,4,68000,63483,60193,3290,7807,0.9336,1.0,0.8852,0.0,1.0,70.0,-70.0,0,0,0,0,0,0,0.0,0.0,0.0,0.15,0.0,0.0,0,0.0,0,0.0,0.0,148.278,0.0,0.0,0.0,0.0,0,0,0,6,6000,80,58,150,60
377,0,0,4,68000,63486,60273,3213,7727,0.9336,1.0,0.8864,0.0,3.0,80.0,-80.0,0,0,0,0,0,0,0.0,0.0,0.0,0.075,0.0,0.0,0,0.0,0,0.0,0.0,149.257,0.0,0.0,0.0,0.0,0,0,0,3,6000,80,58,150,60
378,0,0,4,68000,63491,60355,3136,7645,0.9337,1.0,0.8876,0.0,5.0,82.0,-82.0,0,0,0,0,0,0,0.0,0.0,0.0,0.15,0.0,0.0,0,0.0,0,0.0,0.0,150.257,0.0,0.0,0.0,0.0,0,0,0,6,6000,80,58,150,60
379,0,0,4,68000,63493,60429,3064,7571,0.9337,1.0,0.8887,0.0,2.0,74.0,-74.0,0,0,0,0,0,0,0.0,0.0,0.0,0.1,0.0,0.0,0,0.0,0,0.0,0.0,151.292,0.0,0.0,0.0,0.0,0,0,0,4,6000,80,58,150,60
380,0,0,4,68000,63495,60483,3012,7517,0.9337,1.0,0.8895,0.0,2.0,54.0,-54.0,0,0,0,0,0,0,0.0,0.0,0.0,0.025,0.0,0.0,0,0.0,0,0.0,0.0,152.232,0.0,0.0,0.0,0.0,0,0,0,1,6000,80,58,150,60
381,0,0,4,68000,63496,60547,2949,7453,0.9338,1.0,0.8904,0.0,1.0,64.0,-64.0,0,0,0,0,0,0,0.0,0.0,0.0,0.1,0.0,0.0,0,0.0,0,0.0,0.0,153.265,0.0,0.0,0.0,0.0,0,0,0,4,6000,80,58,150,60
382,0,0,4,68000,63502,60606,2896,7394,0.9339,1.0,0.8913,0.0,6.0,59.0,-59.0,0,0,0,0,0,0,0.0,0.0,0.0,0.2,0.0,0.0,0,0.0,0,0.0,0.0,154.35,0.0,0.0,0.0,0.0,0,0,0,8,6000,80,58,150,60
383,0,0,4,68000,63503,60671,2832,7329,0.9339,1.0,0.8922,0.0,1.0,65.0,-65.0,0,0,0,0,0,0,0.0,0.0,0.0,0.075,0.0,0.0,0,0.0,0,0.0,0.0,155.182,0.0,0.0,0.0,0.0,0,0,0,3,6000,80,58,150,60
384,0,0,4,68000,63504,60739,2765,7261,0.9339,1.0,0.8932,0.0,1.0,68.0,-68.0,0,0,0,0,0,0,0.0,0.0,0.0,0.1,0.0,0.0,0,0.0,0,0.0,0.0,156.207,0.0,0.0,0.0,0.0,0,0,0,4,6000,80,58,150,60
385,0,0,4,68000,63507,60806,2701,7194,0.9339,1.0,0.8942,0.0,3.0,67.0,-67.0,0,0,0,0,0,0,0.0,0.0,0.0,0.075,0.0,0.0,0,0.0,0,0.0,0.0,157.143,0.0,0.0,0.0,0.0,0,0,0,3,6000,80,58,150,60
386,0,0,4,68000,63511,60877,2634,7123,0.934,1.0,0.8952,0.0,4.0,71.0,-71.0,0,0,0,0,0,0,0.0,0.0,0.0,0.025,0.0,0.0,0,0.0,0,0.0,0.0,158.101,0.0,0.0,0.0,0.0,0,0,0,1,6000,80,58,150,60
387,0,0,4,68000,63516,60943,2573,7057,0.9341,1.0,0.8962,0.0,5.0,66.0,-66.0,0,0,0,0,0,0,0.0,0.0,0.0,0.125,0.0,0.0,0,0.0,0,0.0,0.0,159.161,0.0,0.0,0.0,0.0,0,0,0,5,6000,80,58,150,60
388,0,0,4,68000,63520,60998,2522,7002,0.9341,1.0,0.897,0.0,4.0,55.0,-55.0,0,0,0,0,0,0,0.0,0.0,0.0,0.1,0.0,0.0,0,0.0,0,0.0,0.0,160.111,0.0,0.0,0.0,0.0,0,0,0,4,6000,80,58,150,60
389,0,0,4,68000,63522,61064,2458,6936,0.9341,1.0,0.898,0.0,2.0,66.0,-66.0,0,0,0,0,0,0,0.0,0.0,0.0,0.05,0.0,0.0,0,0.0,0,0.0,0.0,161.068,0.0,0.0,0.0,0.0,0,0,0,2,6000,80,58,150,60
390,0,0,4,68000,63527,61140,2387,6860,0.9342,1.0,0.8991,0.0,5.0,76.0,-76.0,0,0,0,0,0,0,0.0,0.0,0.0,0.075,0.0,0.0,0,0.0,0,0.0,0.0,162.074,0.0,0.0,0.0,0.0,0,0,0,3,6000,80,58,150,60
391,0,0,4,68000,63529,61211,2318,6789,0.9343,1.0,0.9002,0.0,2.0,71.0,-71.0,0,0,0,0,0,0,0.0,0.0,0.0,0.05,0.0,0.0,0,0.0,0,0.0,0.0,163.056,0.0,0.0,0.0,0.0,0,0,0,2,6000,80,58,150,60
392,0,0,4,68000,63529,61280,2249,6720,0.9343,1.0,0.9012,0.0,0.0,69.0,-69.0,0,0,0,0,0,0,0.0,0.0,0.0,0.075,0.0,0.0,0,0.0,0,0.0,0.0,164.056,0.0,0.0,0.0,0.0,0,0,0,3,6000,80,60,150,60
393,0,0,4,68000,63530,61339,2191,6661,0.9343,1.0,0.902,0.0,1.0,59.0,-59.0,0,0,0,0,0,0,0.0,0.0,0.0,0.1,0.0,0.0,0,0.0,0,0.0,0.0,165.048,0.0,0.0,0.0,0.0,0,0,0,4,6000,80,60,150,60
394,0,0,4,68000,63534,61409,2125,6591,0.9343,1.0,0.9031,0.0,4.0,70.0,-70.0,0,0,0,0,0,0,0.0,0.0,0.0,0.025,0.0,0.0,0,0.0,0,0.0,0.0,165.996,0.0,0.0,0.0,0.0,0,0,0,1,6000,80,60,150,60
395,0,0,4,68000,63537,61478,2059,6522,0.9344,1.0,0.9041,0.0,3.0,69.0,-69.0,0,0,0,0,0,0,0.0,0.0,0.0,0.075,0.0,0.0,0,0.0,0,0.0,0.0,166.985,0.0,0.0,0.0,0.0,0,0,0,3,6000,80,60,150,60
396,0,0,4,68000,63540,61546,1994,6454,0.9344,1.0,0.9051,0.0,3.0,68.0,-68.0,0,0,0,0,0,0,0.0,0.0,0.0,0.05,0.0,0.0,0,0.0,0,0.0,0.0,167.955,0.0,0.0,0.0,0.0,0,0,0,2,6000,80,60,150,60
397,0,0,4,68000,63543,61625,1918,6375,0.9345,1.0,0.9062,0.0,3.0,79.0,-79.0,0,0,0,0,0,0,0.0,0.0,0.0,0.1,0.0,0.0,0,0.0,0,0.0,0.0,168.956,0.0,0.0,0.0,0.0,0,0,0,4,6000,80,60,150,60
398,0,0,4,68000,63550,61686,1864,6314,0.9346,1.0,0.9071,0.0,7.0,61.0,-61.0,0,0,0,0,0,0,0.0,0.0,0.0,0.175,0.0,0.0,0,0.0,0,0.0,0.0,169.917,0.0,0.0,0.0,0.0,0,0,0,7,6000,80,60,150,60
399,0,0,4,68000,63554,61756,1798,6244,0.9346,1.0,0.9082,0.0,4.0,70.0,-70.0,0,0,0,0,0,0,0.0,0.0,0.0,0.05,0.0,0.0,0,0.0,0,0.0,0.0,170.905,0.0,0.0,0.0,0.0,0,0,0,2,6000,80,60,150,60
400,0,0,4,68000,63557,61820,1737,6180,0.9347,1.0,0.9091,0.0,3.0,64.0,-64.0,0,0,0,0,0,0,0.0,0.0,0.0,0.025,0.0,0.0,0,0.0,0,0.0,0.0,171.898,0.0,0.0,0.0,0.0,0,0,0,1,6000,80,60,150,60
401,0,0,4,68000,63561,61883,1678,6117,0.9347,1.0,0.91,0.0,4.0,63.0,-63.0,0,0,0,0,0,0,0.0,0.0,0.0,0.1,0.0,0.0,0,0.0,0,0.0,0.0,172.83,0.0,0.0,0.0,0.0,0,0,0,4,6000,80,60,150,60
402,0,0,4,68000,63562,61947,1615,6053,0.9347,1.0,0.911,0.0,1.0,64.0,-64.0,0,0,0,0,0,0,0.0,0.0,0.0,0.075,0.0,0.0,0,0.0,0,0.0,0.0,173.895,0.0,0.0,0.0,0.0,0,0,0,3,6000,80,60,150,60
403,0,0,4,68000,63562,62011,1551,5989,0.9347,1.0,0.9119,0.0,0.0,64.0,-64.0,0,0,0,0,0,0,0.0,0.0,0.0,0.0,0.0,0.0,0,0.0,0,0.0,0.0,174.848,0.0,0.0,0.0,0.0,0,0,0,0,6000,80,60,150,60
404,0,0,4,68000,63563,62079,1484,5921,0.9347,1.0,0.9129,0.0,1.0,68.0,-68.0,0,0,0,0,0,0,0.0,0.0,0.0,0.075,0.0,0.0,0,0.0,0,0.0,0.0,175.887,0.0,0.0,0.0,0.0,0,0,0,3,6000,80,60,150,60
405,0,0,4,68000,63565,62150,1415,5850,0.9348,1.0,0.914,0.0,2.0,71.0,-71.0,0,0,0,0,0,0,0.0,0.0,0.0,0.025,0.0,0.0,0,0.0,0,0.0,0.0,176.838,0.0,0.0,0.0,0.0,0,0,0,1,6000,80,60,150,60
406,0,0,4,68000,63566,62216,1350,5784,0.9348,1.0,0.9149,0.0,1.0,66.0,-66.0,0,0,0,0,0,0,0.0,0.0,0.0,0.075,0.0,0.0,0,0.0,0,0.0,0.0,177.852,0.0,0.0,0.0,0.0,0,0,0,3,6000,80,60,150,60
407,0,0,4,68000,63571,62277,1294,5723,0.9349,1.0,0.9158,0.0,5.0,61.0,-61.0,0,0,0,0,0,0,0.0,0.0,0.0,0.075,0.0,0.0,0,0.0,0,0.0,0.0,178.754,0.0,0.0,0.0,0.0,0,0,0,3,6000,80,60,150,60
408,0,0,4,68000,63573,62348,1225,5652,0.9349,1.0,0.9169,0.0,2.0,71.0,-71.0,0,0,0,0,0,0,0.0,0.0,0.0,0.075,0.0,0.0,0,0.0,0,0.0,0.0,179.799,0.0,0.0,0.0,0.0,0,0,0,3,6000,80,60,150,60
409,0,0,4,68000,63578,62406,1172,5594,0.935,1.0,0.9177,0.0,5.0,58.0,-58.0,0,0,0,0,0,0,0.0,0.0,0.0,0.1,0.0,0.0,0,0.0,0,0.0,0.0,180.775,0.0,0.0,0.0,0.0,0,0,0,4,6000,80,60,150,60
410,0,0,4,68000,63579,62473,1106,5527,0.935,1.0,0.9187,0.0,1.0,67.0,-67.0,0,0,0,0,0,0,0.0,0.0,0.0,0.05,0.0,0.0,0,0.0,0,0.0,0.0,181.736,0.0,0.0,0.0,0.0,0,0,0,2,6000,80,60,150,60
411,0,0,4,68000,63579,62527,1052,5473,0.935,1.0,0.9195,0.0,0.0,54.0,-54.0,0,0,0,0,0,0,0.0,0.0,0.0,0.05,0.0,0.0,0,0.0,0,0.0,0.0,182.702,0.0,0.0,0.0,0.0,0,0,0,2,6000,80,60,150,60
412,0,0,4,68000,63581,62599,982,5401,0.935,1.0,0.9206,0.0,2.0,72.0,-72.0,0,0,0,0,0,0,0.0,0.0,0.0,0.05,0.0,0.0,0,0.0,0,0.0,0.0,183.695,0.0,0.0,0.0,0.0,0,0,0,2,6000,80,60,150,60
413,0,0,4,68000,63583,62657,926,5343,0.935,1.0,0.9214,0.0,2.0,58.0,-58.0,0,0,0,0,0,0,0.0,0.0,0.0,0.075,0.0,0.0,0,0.0,0,0.0,0.0,184.718,0.0,0.0,0.0,0.0,0,0,0,3,6000,80,60,150,60
414,0,0,4,68000,63586,62741,845,5259,0.9351,1.0,0.9227,0.0,3.0,84.0,-84.0,0,0,0,0,0,0,0.0,0.0,0.0,0.15,0.0,0.0,0,0.0,0,0.0,0.0,185.673,0.0,0.0,0.0,0.0,0,0,0,6,6000,80,60,150,60
415,0,0,4,68000,63589,62802,787,5198,0.9351,1.0,0.9236,0.0,3.0,61.0,-61.0,0,0,0,0,0,0,0.0,0.0,0.0,0.075,0.0,0.0,0,0.0,0,0.0,0.0,186.655,0.0,0.0,0.0,0.0,0,0,0,3,6000,80,60,150,60
416,0,0,4,68000,63591,62895,696,5105,0.9352,1.0,0.9249,0.0,2.0,93.0,-93.0,0,0,0,0,0,0,0.0,0.0,0.0,0.075,0.0,0.0,0,0.0,0,0.0,0.0,187.628,0.0,0.0,0.0,0.0,0,0,0,3,6000,80,60,150,60
417,0,0,4,68000,63594,62957,637,5043,0.9352,1.0,0.9258,0.0,3.0,62.0,-62.0,0,0,0,0,0,0,0.0,0.0,0.0,0.075,0.0,0.0,0,0.0,0,0.0,0.0,188.631,0.0,0.0,0.0,0.0,0,0,0,3,6000,80,60,150,60
418,0,0,4,68000,63597,63010,587,4990,0.9353,1.0,0.9266,0.0,3.0,53.0,-53.0,0,0,0,0,0,0,0.0,0.0,0.0,0.125,0.0,0.0,0,0.0,0,0.0,0.0,189.585,0.0,0.0,0.0,0.0,0,0,0,5,6000,80,60,150,60
419,0,0,4,68000,63601,63072,529,4928,0.9353,1.0,0.9275,0.0,4.0,62.0,-62.0,0,0,0,0,0,0,0.0,0.0,0.0,0.025,0.0,0.0,0,0.0,0,0.0,0.0,190.578,0.0,0.0,0.0,0.0,0,0,0,1,6000,80,60,150,60
420,0,0,4,68000,63602,63123,479,4877,0.9353,1.0,0.9283,0.0,1.0,51.0,-51.0,0,0,0,0,0,0,0.0,0.0,0.0,0.175,0.0,0.0,0,0.0,0,0.0,0.0,191.634,0.0,0.0,0.0,0.0,0,0,0,7,6000,80,60,150,60
421,0,0,4,68000,63602,63200,402,4800,0.9353,1.0,0.9294,0.0,0.0,77.0,-77.0,0,0,0,0,0,0,0.0,0.0,0.0,0.1,0.0,0.0,0,0.0,0,0.0,0.0,192.526,0.0,0.0,0.0,0.0,0,0,0,4,6000,80,60,150,60
422,0,0,4,68000,63604,63269,335,4731,0.9354,1.0,0.9304,0.0,2.0,69.0,-69.0,0,0,0,0,0,0,0.0,0.0,0.0,0.175,0.0,0.0,0,0.0,0,0.0,0.0,193.568,0.0,0.0,0.0,0.0,0,0,0,7,6000,80,60,150,60
423,0,0,4,68000,63605,63338,267,4662,0.9354,1.0,0.9314,0.0,1.0,69.0,-69.0,0,0,0,0,0,0,0.0,0.0,0.0,0.175,0.0,0.0,0,0.0,0,0.0,0.0,194.572,0.0,0.0,0.0,0.0,0,0,0,7,6000,80,60,150,60
424,0,0,4,68000,63612,63417,195,4583,0.9355,1.0,0.9326,0.0,7.0,79.0,-79.0,0,0,0,0,0,0,0.0,0.0,0.0,0.175,0.0,0.0,0,0.0,0,0.0,0.0,195.299,0.0,0.0,0.0,0.0,0,0,0,7,6000,80,60,150,60
425,0,0,4,68000,63619,63481,138,4519,0.9356,1.0,0.9335,0.0,7.0,64.0,-64.0,0,0,0,0,0,0,0.0,0.0,0.0,0.1,0.0,0.0,0,0.0,0,0.0,0.0,195.763,0.0,0.0,0.0,0.0,0,0,0,4,6000,80,60,150,60
426,0,0,4,68000,63642,63533,109,4467,0.9359,1.0,0.9343,0.0,23.0,52.0,-52.0,0,0,0,0,0,0,0.0,0.0,0.0,0.0,0.0,0.0,0,0.0,0,0.0,0.0,196.14,0.0,0.0,0.0,0.0,0,0,0,0,6000,80,60,150,60
427,0,0,4,68000,63677,63584,93,4416,0.9364,1.0,0.9351,0.0,35.0,51.0,-51.0,0,0,0,0,0,0,0.0,0.0,0.0,0.05,0.0,0.0,0,0.0,0,0.0,0.0,196.674,0.0,0.0,0.0,0.0,0,0,0,2,6000,80,60,150,60
428,0,0,4,68000,63737,63641,96,4359,0.9373,1.0,0.9359,0.0,60.0,57.0,-57.0,0,0,0,0,0,0,0.0,0.0,0.0,0.075,0.0,0.0,0,0.0,0,0.0,0.0,197.036,0.0,0.0,0.0,0.0,0,0,0,3,6000,80,60,150,60
429,0,0,4,68000,63811,63699,112,4301,0.9384,1.0,0.9367,0.0,74.0,58.0,-58.0,0,0,0,0,0,0,0.0,0.0,0.0,0.2,0.0,0.0,0,0.0,0,0.0,0.0,197.649,0.0,0.0,0.0,0.0,0,0,0,8,6000,80,60,150,60
430,0,0,4,68000,63878,63754,124,4246,0.9394,1.0,0.9376,0.0,67.0,55.0,-55.0,0,0,0,0,0,0,0.0,0.0,0.0,0.125,0.0,0.0,0,0.0,0,0.0,0.0,198.127,0.0,0.0,0.0,0.0,0,0,0,5,6000,80,60,150,60
431,0,0,4,68000,63957,63810,147,4190,0.9405,1.0,0.9384,0.0,79.0,56.0,-56.0,0,0,0,0,0,0,0.0,0.0,0.0,0.225,0.0,0.0,0,0.0,0,0.0,0.0,198.643,0.0,0.0,0.0,0.0,0,0,0,9,6000,80,60,150,60
432,0,0,4,68000,64032,63859,173,4141,0.9416,1.0,0.9391,0.0,75.0,49.0,-49.0,0,0,0,0,0,0,0.0,0.0,0.0,0.175,0.0,0.0,0,0.0,0,0.0,0.0,199.023,0.0,0.0,0.0,0.0,0,0,0,7,6000,80,60,150,60
433,0,0,4,68000,64118,63926,192,4074,0.9429,1.0,0.9401,0.0,86.0,67.0,-67.0,0,0,0,0,0,0,0.0,0.0,0.0,0.225,0.0,0.0,0,0.0,0,0.0,0.0,199.482,0.0,0.0,0.0,0.0,0,0,0,9,6000,80,60,150,60
434,0,0,4,68000,64197,63994,203,4006,0.9441,1.0,0.9411,0.0,79.0,68.0,-68.0,0,0,0,0,0,0,0.0,0.0,0.0,0.15,0.0,0.0,0,0.0,0,0.0,0.0,199.919,0.0,0.0,0.0,0.0,0,0,0,6,6000,80,60,150,60
435,0,0,4,68000,64287,64077,210,3923,0.9454,1.0,0.9423,0.0,90.0,83.0,-83.0,0,0,0,0,0,0,0.0,0.0,0.0,0.1,0.0,0.0,0,0.0,0,0.0,0.0,200.518,0.0,0.0,0.0,0.0,0,0,0,4,6000,80,60,150,60
436,0,0,4,68000,64368,64143,225,3857,0.9466,1.0,0.9433,0.0,81.0,66.0,-66.0,0,0,0,0,0,0,0.0,0.0,0.0,0.15,0.0,0.0,0,0.0,0,0.0,0.0,201.009,0.0,0.0,0.0,0.0,0,0,0,6,6000,80,60,150,60
437,0,0,4,68000,64441,64211,230,3789,0.9477,1.0,0.9443,0.0,73.0,68.0,-68.0,0,0,0,0,0,0,0.0,0.0,0.0,0.175,0.0,0.0,0,0.0,0,0.0,0.0,201.455,0.0,0.0,0.0,0.0,0,0,0,7,6000,80,60,150,60
438,0,0,4,68000,64529,64298,231,3702,0.949,1.0,0.9456,0.0,88.0,87.0,-87.0,0,0,0,0,0,0,0.0,0.0,0.0,0.175,0.0,0.0,0,0.0,0,0.0,0.0,201.915,0.0,0.0,0.0,0.0,0,0,0,7,6000,80,60,150,60
439,0,0,4,68000,64605,64365,240,3635,0.9501,1.0,0.9465,0.0,76.0,67.0,-67.0,0,0,0,0,0,0,0.0,0.0,0.0,0.225,0.0,0.0,0,0.0,0,0.0,0.0,202.36,0.0,0.0,0.0,0.0,0,0,0,9,6000,80,60,150,60
440,0,0,4,68000,64698,64449,249,3551,0.9514,1.0,0.9478,0.0,93.0,84.0,-84.0,0,0,0,0,0,0,0.0,0.0,0.0,0.2,0.0,0.0,0,0.0,0,0.0,0.0,202.877,0.0,0.0,0.0,0.0,0,0,0,8,6000,80,60,150,60
441,0,0,4,68000,64780,64522,258,3478,0.9526,1.0,0.9489,0.0,82.0,73.0,-73.0,0,0,0,0,0,0,0.0,0.0,0.0,0.325,0.0,0.0,0,0.0,0,0.0,0.0,203.339,0.0,0.0,0.0,0.0,0,0,0,13,6000,80,60,150,60
442,0,0,4,68000,64859,64610,249,3390,0.9538,1.0,0.9501,0.0,79.0,88.0,-88.0,0,0,0,0,0,0,0.0,0.0,0.0,0.175,0.0,0.0,0,0.0,0,0.0,0.0,203.836,0.0,0.0,0.0,0.0,0,0,0,7,6000,80,60,150,60
443,0,0,4,68000,64937,64676,261,3324,0.955,1.0,0.9511,0.0,78.0,66.0,-66.0,0,0,0,0,0,0,0.0,0.0,0.0,0.2,0.0,0.0,0,0.0,0,0.0,0.0,204.317,0.0,0.0,0.0,0.0,0,0,0,8,6000,80,60,150,60
444,0,0,4,68000,65012,64757,255,3243,0.9561,1.0,0.9523,0.0,75.0,81.0,-81.0,0,0,0,0,0,0,0.0,0.0,0.0,0.225,0.0,0.0,0,0.0,0,0.0,0.0,204.882,0.0,0.0,0.0,0.0,0,0,0,9,6000,80,60,150,60
445,0,0,4,68000,65111,64848,263,3152,0.9575,1.0,0.9536,0.0,99.0,91.0,-91.0,0,0,0,0,0,0,0.0,0.0,0.0,0.1,0.0,0.0,0,0.0,0,0.0,0.0,205.294,0.0,0.0,0.0,0.0,0,0,0,4,6000,80,60,150,60
446,0,0,4,68000,65193,64932,261,3068,0.9587,1.0,0.9549,0.0,82.0,84.0,-84.0,0,0,0,0,0,0,0.0,0.0,0.0,0.1,0.0,0.0,0,0.0,0,0.0,0.0,205.86,0.0,0.0,0.0,0.0,0,0,0,4,6000,80,60,150,60
447,0,0,4,68000,65267,65004,263,2996,0.9598,1.0,0.9559,0.0,74.0,72.0,-72.0,0,0,0,0,0,0,0.0,0.0,0.0,0.225,0.0,0.0,0,0.0,0,0.0,0.0,206.25,0.0,0.0,0.0,0.0,0,0,0,9,6000,80,60,150,60
448,0,0,4,68000,65351,65090,261,2910,0.961,1.0,0.9572,0.0,84.0,86.0,-86.0,0,0,0,0,0,0,0.0,0.0,0.0,0.25,0.0,0.0,0,0.0,0,0.0,0.0,206.794,0.0,0.0,0.0,0.0,0,0,0,10,6000,80,60,150,60
449,0,0,4,68000,65428,65177,251,2823,0.9622,1.0,0.9585,0.0,77.0,87.0,-87.0,0,0,0,0,0,0,0.0,0.0,0.0,0.125,0.0,0.0,0,0.0,0,0.0,0.0,207.221,0.0,0.0,0.0,0.0,0,0,0,5,6000,80,60,150,60
